Идентификатор,Имя,Продолжительность,Плановая дата,Уровень запасов,Имеет запланировано свыше максимального уровня запасов,Максимальное количество запасов
Q311A,Склад ЦТС ПФ после обезжиривания,1,2021-10-23,314.24,False,1400
Q3137,Склад ЦХПП ПФ перед АР,1,2021-10-18,19846.53,False,25000
Q315B,Склад перед упаковкой,1,2021-11-02,3483.42,False,1500
Q3154,Склад перед НТА,1,2021-10-24,3066.76,False,7400
Q3132,Склад ЦХПП ПФ г/к рулоны,1,2021-11-03,34819.59,False,56500
Q307M,Склад КЦ-2 материалы,1,2021-11-12,0.0,False,0
Q3121,Склад ЦГП ГП,1,2021-10-20,10014.82,False,23000
Q3134,Склад ЦХПП ПФ х/к нагартованный,1,2021-11-10,7423.19,False,23500
Q311B,Склад ЦТС ПФ после термопокрытия,1,2021-11-16,661.23,False,700
Q3155,Склад ЦДС ПФ перед Прокаткой,1,2021-11-07,3045.26,False,5800
Q3157,"Склад ЦДС ПФ перед АНО, АНГЦ",1,2021-11-20,8837.4,False,10000
Q311SHR,Склад ТК ПТС перед упаковкой,1,2021-11-12,1232.76,False,1000
Q311FHR,Склад ТК ПТС готовая продукция,1,2021-10-15,1131.71,True,550
Q311FHR,Склад ТК ПТС готовая продукция,1,2021-10-16,1131.71,True,550
Q3154,Склад перед НТА,1,2021-11-14,353.15,False,7400
Q3155,Склад ЦДС ПФ перед Прокаткой,1,2021-10-26,7017.46,True,5800
Q3001,Склад отгрузки,1,2021-10-11,41389.34,False,0
Q313C,Склад ЦХПП ГП перед упаковкой,1,2021-10-15,13717.65,False,3000
Q3156,Склад ЦДС ПФ перед АПхкР,1,2021-11-10,4025.81,False,8800
Q311SHR,Склад ТК ПТС перед упаковкой,1,2021-10-19,931.98,False,1000
Q3137,Склад ЦХПП ПФ перед АР,1,2021-11-13,16528.34,False,25000
Q315B,Склад перед упаковкой,1,2021-11-19,3064.95,False,1500
Q3134,Склад ЦХПП ПФ х/к нагартованный,1,2021-10-18,9946.19,False,23500
Q3112,Склад ЦТС Травильный комплекс,1,2021-10-23,3000.0,False,3000
Q311SFG,Склад ЦТС ПФ х/к продукция,1,2021-10-29,758.01,False,3000
Q306M,Склад КЦ-1 материалы,1,2021-11-10,0.0,False,0
Q311E,Склад ЦТС ПФ перед АР,1,2021-11-06,-10990.86,False,1300
Q3134,Склад ЦХПП ПФ х/к нагартованный,1,2021-11-15,4875.78,False,23500
Q3137,Склад ЦХПП ПФ перед АР,1,2021-10-25,20515.68,False,25000
Q313C,Склад ЦХПП ГП перед упаковкой,1,2021-11-10,5887.01,False,3000
Q311E,Склад ЦТС ПФ перед АР,1,2021-10-20,-2916.65,False,1300
Q3158,Склад ЦДС ПФ перед АР,1,2021-11-14,9118.17,False,10800
Q313C,Склад ЦХПП ГП перед упаковкой,1,2021-11-01,8003.86,False,3000
Q3132,Склад ЦХПП ПФ г/к рулоны,1,2021-11-08,16363.14,False,56500
Q307M,Склад КЦ-2 материалы,1,2021-11-13,0.0,False,0
Q311SFG,Склад ЦТС ПФ х/к продукция,1,2021-10-13,500.0,False,3000
Q311A,Склад ЦТС ПФ после обезжиривания,1,2021-11-16,857.77,False,1400
Q3135,Склад ЦХПП ПФ перед ДС,1,2021-10-29,10000.0,False,16000
Q3155,Склад ЦДС ПФ перед Прокаткой,1,2021-10-13,5790.3,False,5800
Q3157,"Склад ЦДС ПФ перед АНО, АНГЦ",1,2021-10-07,4835.91,False,10000
Q3112,Склад ЦТС Травильный комплекс,1,2021-10-25,3026.92,True,3000
Q306M,Склад КЦ-1 материалы,1,2021-10-29,0.0,False,0
Q3135,Склад ЦХПП ПФ перед ДС,1,2021-11-10,5120.4,False,16000
Q311FHR,Склад ТК ПТС готовая продукция,1,2021-11-10,1460.98,False,550
Q307M,Склад КЦ-2 материалы,1,2021-10-24,0.0,False,0
Q313C,Склад ЦХПП ГП перед упаковкой,1,2021-11-20,5002.59,False,3000
Q3158,Склад ЦДС ПФ перед АР,1,2021-10-07,9611.45,False,10800
Q3155,Склад ЦДС ПФ перед Прокаткой,1,2021-10-19,5334.89,False,5800
Q3137,Склад ЦХПП ПФ перед АР,1,2021-11-05,19232.68,False,25000
Q313M,Склад ЦХПП материалы,1,2021-11-03,0.0,False,0
Q315M,Склад ЦДС материалы,1,2021-11-05,0.0,False,0
Q311SFG,Склад ЦТС ПФ х/к продукция,1,2021-11-03,500.0,False,3000
Q3132,Склад ЦХПП ПФ г/к рулоны,1,2021-11-04,33306.75,False,56500
Q3121,Склад ЦГП ГП,1,2021-11-09,12981.21,False,23000
Q3134,Склад ЦХПП ПФ х/к нагартованный,1,2021-10-16,9044.0,False,23500
Q3121,Склад ЦГП ГП,1,2021-11-20,5506.66,False,23000
Q307M,Склад КЦ-2 материалы,1,2021-10-10,0.0,False,0
Q313C,Склад ЦХПП ГП перед упаковкой,1,2021-10-27,8205.62,False,3000
Q3156,Склад ЦДС ПФ перед АПхкР,1,2021-11-03,8600.09,False,8800
Q3154,Склад перед НТА,1,2021-10-16,4394.47,False,7400
Q3001,Склад отгрузки,1,2021-10-26,150197.05,False,0
Q306M,Склад КЦ-1 материалы,1,2021-11-05,0.0,False,0
Q311A,Склад ЦТС ПФ после обезжиривания,1,2021-10-08,241.17,False,1400
Q3121,Склад ЦГП ГП,1,2021-10-15,11561.45,False,23000
Q3157,"Склад ЦДС ПФ перед АНО, АНГЦ",1,2021-10-28,7343.31,False,10000
Q311FHR,Склад ТК ПТС готовая продукция,1,2021-10-18,1131.71,True,550
Q311E,Склад ЦТС ПФ перед АР,1,2021-10-24,-6376.2,False,1300
Q311SFG,Склад ЦТС ПФ х/к продукция,1,2021-10-21,748.01,False,3000
Q3155,Склад ЦДС ПФ перед Прокаткой,1,2021-10-30,5042.59,False,5800
Q315M,Склад ЦДС материалы,1,2021-10-22,0.0,False,0
Q3137,Склад ЦХПП ПФ перед АР,1,2021-11-02,19973.65,False,25000
Q306M,Склад КЦ-1 материалы,1,2021-10-12,0.0,False,0
Q3135,Склад ЦХПП ПФ перед ДС,1,2021-10-23,10079.12,False,16000
Q311FHR,Склад ТК ПТС готовая продукция,1,2021-10-17,1131.71,True,550
Q3112,Склад ЦТС Травильный комплекс,1,2021-10-19,2986.9,False,3000
Q315M,Склад ЦДС материалы,1,2021-10-11,0.0,False,0
Q311B,Склад ЦТС ПФ после термопокрытия,1,2021-10-30,186.13,False,700
Q3112,Склад ЦТС Травильный комплекс,1,2021-11-20,4076.33,False,3000
Q3132,Склад ЦХПП ПФ г/к рулоны,1,2021-11-10,10040.85,False,56500
Q3112,Склад ЦТС Травильный комплекс,1,2021-10-22,2578.44,False,3000
Q311B,Склад ЦТС ПФ после термопокрытия,1,2021-10-11,323.16,False,700
Q3112,Склад ЦТС Травильный комплекс,1,2021-10-27,2451.44,False,3000
Q313A,Склад ЦХПП ПФ перед АПП,1,2021-11-01,4811.69,False,8500
Q307M,Склад КЦ-2 материалы,1,2021-11-15,0.0,False,0
Q311SFG,Склад ЦТС ПФ х/к продукция,1,2021-10-08,500.0,False,3000
Q3135,Склад ЦХПП ПФ перед ДС,1,2021-10-24,10454.04,False,16000
Q315M,Склад ЦДС материалы,1,2021-11-07,0.0,False,0
Q3132,Склад ЦХПП ПФ г/к рулоны,1,2021-11-13,11500.08,False,56500
Q311E,Склад ЦТС ПФ перед АР,1,2021-11-10,-10120.68,False,1300
Q3136,Склад ЦХПП ПФ г/к травленный,1,2021-11-06,3627.23,False,17000
Q313M,Склад ЦХПП материалы,1,2021-11-05,0.0,False,0
Q311B,Склад ЦТС ПФ после термопокрытия,1,2021-10-15,670.78,False,700
Q3157,"Склад ЦДС ПФ перед АНО, АНГЦ",1,2021-11-15,10910.7,False,10000
Q315M,Склад ЦДС материалы,1,2021-10-15,0.0,False,0
Q311B,Склад ЦТС ПФ после термопокрытия,1,2021-11-13,673.09,False,700
Q315C,Склад ЦДС ПФ перед АПП,1,2021-10-07,4482.13,True,4000
Q3132,Склад ЦХПП ПФ г/к рулоны,1,2021-11-07,23982.45,False,56500
Q3132,Склад ЦХПП ПФ г/к рулоны,1,2021-10-30,44025.72,False,56500
Q313A,Склад ЦХПП ПФ перед АПП,1,2021-10-19,4506.82,False,8500
Q311A,Склад ЦТС ПФ после обезжиривания,1,2021-11-17,695.17,False,1400
Q3001,Склад отгрузки,1,2021-11-08,114207.72,False,0
Q315B,Склад перед упаковкой,1,2021-10-13,3369.22,False,1500
Q3134,Склад ЦХПП ПФ х/к нагартованный,1,2021-11-01,9214.91,False,23500
Q3001,Склад отгрузки,1,2021-11-10,101689.19,False,0
Q315B,Склад перед упаковкой,1,2021-11-06,3113.14,False,1500
Q3158,Склад ЦДС ПФ перед АР,1,2021-11-01,10606.24,False,10800
Q3134,Склад ЦХПП ПФ х/к нагартованный,1,2021-10-27,10783.23,False,23500
Q3155,Склад ЦДС ПФ перед Прокаткой,1,2021-11-14,1732.81,False,5800
Q311FHR,Склад ТК ПТС готовая продукция,1,2021-10-20,1131.71,True,550
Q3135,Склад ЦХПП ПФ перед ДС,1,2021-11-15,7219.96,False,16000
Q315M,Склад ЦДС материалы,1,2021-11-06,0.0,False,0
Q3112,Склад ЦТС Травильный комплекс,1,2021-10-15,2615.41,False,3000
Q3137,Склад ЦХПП ПФ перед АР,1,2021-10-10,27464.81,True,25000
Q3112,Склад ЦТС Травильный комплекс,1,2021-11-04,2592.23,False,3000
Q3135,Склад ЦХПП ПФ перед ДС,1,2021-11-08,7293.15,False,16000
Q306M,Склад КЦ-1 материалы,1,2021-11-02,0.0,False,0
Q311SFG,Склад ЦТС ПФ х/к продукция,1,2021-10-16,500.0,False,3000
Q311E,Склад ЦТС ПФ перед АР,1,2021-10-22,-4878.96,False,1300
Q307M,Склад КЦ-2 материалы,1,2021-11-04,0.0,False,0
Q3157,"Склад ЦДС ПФ перед АНО, АНГЦ",1,2021-10-20,7131.58,False,10000
Q313C,Склад ЦХПП ГП перед упаковкой,1,2021-11-04,6230.34,False,3000
Q3156,Склад ЦДС ПФ перед АПхкР,1,2021-10-23,6831.39,False,8800
Q307M,Склад КЦ-2 материалы,1,2021-11-08,0.0,False,0
Q3156,Склад ЦДС ПФ перед АПхкР,1,2021-10-12,5927.88,False,8800
Q3112,Склад ЦТС Травильный комплекс,1,2021-10-29,2473.35,False,3000
Q3001,Склад отгрузки,1,2021-10-07,-1733.44,False,0
Q311A,Склад ЦТС ПФ после обезжиривания,1,2021-11-07,526.52,False,1400
Q315M,Склад ЦДС материалы,1,2021-11-20,0.0,False,0
Q3121,Склад ЦГП ГП,1,2021-11-01,15000.0,False,23000
Q3154,Склад перед НТА,1,2021-11-15,353.15,False,7400
Q3001,Склад отгрузки,1,2021-11-18,91887.67,False,0
Q311SHR,Склад ТК ПТС перед упаковкой,1,2021-11-04,400.0,False,1000
Q3001,Склад отгрузки,1,2021-10-08,21294.04,False,0
Q3156,Склад ЦДС ПФ перед АПхкР,1,2021-10-10,5131.7,False,8800
Q3154,Склад перед НТА,1,2021-11-12,353.15,False,7400
Q3154,Склад перед НТА,1,2021-10-31,2942.2,False,7400
Q3154,Склад перед НТА,1,2021-10-20,4206.44,False,7400
Q311FHR,Склад ТК ПТС готовая продукция,1,2021-10-14,1131.71,True,550
Q3137,Склад ЦХПП ПФ перед АР,1,2021-10-21,20028.76,False,25000
Q311A,Склад ЦТС ПФ после обезжиривания,1,2021-11-01,532.49,False,1400
Q3134,Склад ЦХПП ПФ х/к нагартованный,1,2021-10-09,9809.44,False,23500
Q3001,Склад отгрузки,1,2021-10-30,165837.67,False,0
Q311A,Склад ЦТС ПФ после обезжиривания,1,2021-11-04,369.2,False,1400
Q307M,Склад КЦ-2 материалы,1,2021-11-14,0.0,False,0
Q3112,Склад ЦТС Травильный комплекс,1,2021-10-21,2509.47,False,3000
Q311A,Склад ЦТС ПФ после обезжиривания,1,2021-10-24,350.0,False,1400
Q3001,Склад отгрузки,1,2021-11-06,125208.51,False,0
Q3136,Склад ЦХПП ПФ г/к травленный,1,2021-10-24,8220.8,False,17000
Q3136,Склад ЦХПП ПФ г/к травленный,1,2021-11-04,4000.0,False,17000
Q311FHR,Склад ТК ПТС готовая продукция,1,2021-10-27,1161.64,True,550
Q3112,Склад ЦТС Травильный комплекс,1,2021-11-11,2630.62,False,3000
Q3155,Склад ЦДС ПФ перед Прокаткой,1,2021-10-08,7086.17,True,5800
Q306M,Склад КЦ-1 материалы,1,2021-11-09,0.0,False,0
Q307M,Склад КЦ-2 материалы,1,2021-10-09,0.0,False,0
Q3132,Склад ЦХПП ПФ г/к рулоны,1,2021-11-20,9973.81,False,56500
Q3001,Склад отгрузки,1,2021-11-09,105394.15,False,0
Q311SHR,Склад ТК ПТС перед упаковкой,1,2021-10-10,800.0,False,1000
Q3154,Склад перед НТА,1,2021-10-23,2890.44,False,7400
Q311A,Склад ЦТС ПФ после обезжиривания,1,2021-10-25,418.5,False,1400
Q311SFG,Склад ЦТС ПФ х/к продукция,1,2021-11-08,266.73,False,3000
Q311SHR,Склад ТК ПТС перед упаковкой,1,2021-11-06,47.84,False,1000
Q3112,Склад ЦТС Травильный комплекс,1,2021-10-08,3000.0,False,3000
Q306M,Склад КЦ-1 материалы,1,2021-10-25,0.0,False,0
Q313C,Склад ЦХПП ГП перед упаковкой,1,2021-10-22,13010.97,False,3000
Q311FHR,Склад ТК ПТС готовая продукция,1,2021-11-03,1131.71,True,550
Q306M,Склад КЦ-1 материалы,1,2021-10-17,0.0,False,0
Q307M,Склад КЦ-2 материалы,1,2021-10-23,0.0,False,0
Q315M,Склад ЦДС материалы,1,2021-11-19,0.0,False,0
Q307M,Склад КЦ-2 материалы,1,2021-10-25,0.0,False,0
Q3001,Склад отгрузки,1,2021-10-13,60512.26,False,0
Q315B,Склад перед упаковкой,1,2021-10-26,4953.29,False,1500
Q311B,Склад ЦТС ПФ после термопокрытия,1,2021-10-29,172.14,False,700
Q315B,Склад перед упаковкой,1,2021-11-15,3074.95,False,1500
Q315B,Склад перед упаковкой,1,2021-10-08,2756.85,False,1500
Q3121,Склад ЦГП ГП,1,2021-10-19,10156.57,False,23000
Q313A,Склад ЦХПП ПФ перед АПП,1,2021-11-19,3212.99,False,8500
Q311E,Склад ЦТС ПФ перед АР,1,2021-11-14,-9598.82,False,1300
Q3135,Склад ЦХПП ПФ перед ДС,1,2021-11-17,5364.51,False,16000
Q3158,Склад ЦДС ПФ перед АР,1,2021-10-15,8637.56,False,10800
Q311B,Склад ЦТС ПФ после термопокрытия,1,2021-10-10,323.16,False,700
Q3134,Склад ЦХПП ПФ х/к нагартованный,1,2021-10-22,9928.6,False,23500
Q313C,Склад ЦХПП ГП перед упаковкой,1,2021-11-18,5002.59,False,3000
Q3136,Склад ЦХПП ПФ г/к травленный,1,2021-11-09,1695.15,False,17000
Q313M,Склад ЦХПП материалы,1,2021-11-12,0.0,False,0
Q311FHR,Склад ТК ПТС готовая продукция,1,2021-10-09,1545.18,True,550
Q315M,Склад ЦДС материалы,1,2021-10-30,0.0,False,0
Q311E,Склад ЦТС ПФ перед АР,1,2021-11-11,-9723.74,False,1300
Q3112,Склад ЦТС Травильный комплекс,1,2021-10-11,3000.0,False,3000
Q3154,Склад перед НТА,1,2021-10-10,3451.54,False,7400
Q315M,Склад ЦДС материалы,1,2021-10-08,0.0,False,0
Q313M,Склад ЦХПП материалы,1,2021-10-11,0.0,False,0
Q311SHR,Склад ТК ПТС перед упаковкой,1,2021-10-30,400.0,False,1000
Q3154,Склад перед НТА,1,2021-10-19,4520.28,False,7400
Q311A,Склад ЦТС ПФ после обезжиривания,1,2021-10-18,191.75,False,1400
Q311A,Склад ЦТС ПФ после обезжиривания,1,2021-10-13,379.95,False,1400
Q307M,Склад КЦ-2 материалы,1,2021-10-22,0.0,False,0
Q307M,Склад КЦ-2 материалы,1,2021-11-11,0.0,False,0
Q311B,Склад ЦТС ПФ после термопокрытия,1,2021-10-24,611.79,False,700
Q315B,Склад перед упаковкой,1,2021-11-10,1812.41,False,1500
Q311FHR,Склад ТК ПТС готовая продукция,1,2021-10-10,1131.71,True,550
Q315M,Склад ЦДС материалы,1,2021-11-12,0.0,False,0
Q313C,Склад ЦХПП ГП перед упаковкой,1,2021-10-08,12051.19,False,3000
Q3158,Склад ЦДС ПФ перед АР,1,2021-11-19,8027.34,False,10800
Q3001,Склад отгрузки,1,2021-10-12,52353.41,False,0
Q3156,Склад ЦДС ПФ перед АПхкР,1,2021-11-02,8550.39,False,8800
Q315C,Склад ЦДС ПФ перед АПП,1,2021-10-08,4111.7,True,4000
Q3135,Склад ЦХПП ПФ перед ДС,1,2021-10-15,13034.83,False,16000
Q3137,Склад ЦХПП ПФ перед АР,1,2021-11-14,16800.0,False,25000
Q3157,"Склад ЦДС ПФ перед АНО, АНГЦ",1,2021-11-08,12988.56,False,10000
Q3157,"Склад ЦДС ПФ перед АНО, АНГЦ",1,2021-11-05,10224.06,True,10000
Q313C,Склад ЦХПП ГП перед упаковкой,1,2021-10-07,9692.59,False,3000
Q313M,Склад ЦХПП материалы,1,2021-11-02,0.0,False,0
Q3136,Склад ЦХПП ПФ г/к травленный,1,2021-11-03,4000.0,False,17000
Q307M,Склад КЦ-2 материалы,1,2021-10-21,0.0,False,0
Q311SHR,Склад ТК ПТС перед упаковкой,1,2021-11-19,2616.28,False,1000
Q3156,Склад ЦДС ПФ перед АПхкР,1,2021-10-25,7488.82,False,8800
Q315B,Склад перед упаковкой,1,2021-11-20,3064.95,False,1500
Q3001,Склад отгрузки,1,2021-10-31,189704.11,False,0
Q3001,Склад отгрузки,1,2021-11-13,92086.75,False,0
Q311A,Склад ЦТС ПФ после обезжиривания,1,2021-10-29,519.59,False,1400
Q313C,Склад ЦХПП ГП перед упаковкой,1,2021-10-31,8620.05,False,3000
Q315B,Склад перед упаковкой,1,2021-10-14,3770.73,False,1500
Q315C,Склад ЦДС ПФ перед АПП,1,2021-10-12,2910.54,False,4000
Q311SFG,Склад ЦТС ПФ х/к продукция,1,2021-11-02,508.0,False,3000
Q307M,Склад КЦ-2 материалы,1,2021-10-20,0.0,False,0
Q311B,Склад ЦТС ПФ после термопокрытия,1,2021-10-28,622.17,False,700
Q3112,Склад ЦТС Травильный комплекс,1,2021-11-12,2219.96,False,3000
Q3157,"Склад ЦДС ПФ перед АНО, АНГЦ",1,2021-11-01,9954.0,False,10000
Q311FHR,Склад ТК ПТС готовая продукция,1,2021-10-11,1131.71,True,550
Q315M,Склад ЦДС материалы,1,2021-10-25,0.0,False,0
Q3154,Склад перед НТА,1,2021-10-28,2023.9,False,7400
Q3132,Склад ЦХПП ПФ г/к рулоны,1,2021-11-12,11227.6,False,56500
Q307M,Склад КЦ-2 материалы,1,2021-10-26,0.0,False,0
Q315C,Склад ЦДС ПФ перед АПП,1,2021-11-06,3534.92,False,4000
Q315B,Склад перед упаковкой,1,2021-10-25,5110.62,False,1500
Q313M,Склад ЦХПП материалы,1,2021-10-30,0.0,False,0
Q3132,Склад ЦХПП ПФ г/к рулоны,1,2021-11-01,38189.18,False,56500
Q311B,Склад ЦТС ПФ после термопокрытия,1,2021-10-26,640.09,False,700
Q3158,Склад ЦДС ПФ перед АР,1,2021-10-14,8659.55,False,10800
Q315C,Склад ЦДС ПФ перед АПП,1,2021-10-13,2623.2,False,4000
Q313M,Склад ЦХПП материалы,1,2021-10-20,0.0,False,0
Q3158,Склад ЦДС ПФ перед АР,1,2021-10-13,8476.5,False,10800
Q313M,Склад ЦХПП материалы,1,2021-10-23,0.0,False,0
Q3001,Склад отгрузки,1,2021-11-02,145395.06,False,0
Q3156,Склад ЦДС ПФ перед АПхкР,1,2021-11-16,1972.58,False,8800
Q3155,Склад ЦДС ПФ перед Прокаткой,1,2021-10-20,5800.0,False,5800
Q3121,Склад ЦГП ГП,1,2021-11-11,15145.4,False,23000
Q311E,Склад ЦТС ПФ перед АР,1,2021-10-18,-2654.79,False,1300
Q311A,Склад ЦТС ПФ после обезжиривания,1,2021-10-11,400.0,False,1400
Q313M,Склад ЦХПП материалы,1,2021-10-09,0.0,False,0
Q307M,Склад КЦ-2 материалы,1,2021-11-20,0.0,False,0
Q311B,Склад ЦТС ПФ после термопокрытия,1,2021-10-18,681.61,False,700
Q3112,Склад ЦТС Травильный комплекс,1,2021-11-17,4644.44,False,3000
Q3112,Склад ЦТС Травильный комплекс,1,2021-10-10,3000.0,False,3000
Q306M,Склад КЦ-1 материалы,1,2021-10-07,0.0,False,0
Q3157,"Склад ЦДС ПФ перед АНО, АНГЦ",1,2021-11-12,12059.38,False,10000
Q3112,Склад ЦТС Травильный комплекс,1,2021-11-08,2657.22,False,3000
Q3001,Склад отгрузки,1,2021-11-20,78214.2,False,0
Q307M,Склад КЦ-2 материалы,1,2021-11-03,0.0,False,0
Q311E,Склад ЦТС ПФ перед АР,1,2021-11-13,-9854.26,False,1300
Q311B,Склад ЦТС ПФ после термопокрытия,1,2021-10-31,82.54,False,700
Q311SHR,Склад ТК ПТС перед упаковкой,1,2021-11-07,235.8,False,1000
Q3134,Склад ЦХПП ПФ х/к нагартованный,1,2021-10-13,9020.6,False,23500
Q311E,Склад ЦТС ПФ перед АР,1,2021-10-27,-9349.56,False,1300
Q311A,Склад ЦТС ПФ после обезжиривания,1,2021-10-09,239.93,False,1400
Q3155,Склад ЦДС ПФ перед Прокаткой,1,2021-10-10,6905.21,True,5800
Q3134,Склад ЦХПП ПФ х/к нагартованный,1,2021-10-24,12792.16,False,23500
Q3121,Склад ЦГП ГП,1,2021-10-10,12803.18,False,23000
Q3156,Склад ЦДС ПФ перед АПхкР,1,2021-10-30,8800.0,False,8800
Q3158,Склад ЦДС ПФ перед АР,1,2021-10-19,9389.6,False,10800
Q311A,Склад ЦТС ПФ после обезжиривания,1,2021-11-03,404.12,False,1400
Q313A,Склад ЦХПП ПФ перед АПП,1,2021-10-30,5162.76,False,8500
Q307M,Склад КЦ-2 материалы,1,2021-10-08,0.0,False,0
Q315B,Склад перед упаковкой,1,2021-11-12,2806.29,False,1500
Q311SHR,Склад ТК ПТС перед упаковкой,1,2021-10-17,800.0,False,1000
Q315M,Склад ЦДС материалы,1,2021-10-16,0.0,False,0
Q3134,Склад ЦХПП ПФ х/к нагартованный,1,2021-11-06,8285.85,False,23500
Q3135,Склад ЦХПП ПФ перед ДС,1,2021-10-27,9710.14,False,16000
Q3136,Склад ЦХПП ПФ г/к травленный,1,2021-10-22,4905.9,False,17000
Q311A,Склад ЦТС ПФ после обезжиривания,1,2021-11-15,959.33,False,1400
Q311SFG,Склад ЦТС ПФ х/к продукция,1,2021-10-24,525.85,False,3000
Q3156,Склад ЦДС ПФ перед АПхкР,1,2021-10-20,6665.28,False,8800
Q313M,Склад ЦХПП материалы,1,2021-11-16,0.0,False,0
Q315B,Склад перед упаковкой,1,2021-10-12,2998.32,False,1500
Q3132,Склад ЦХПП ПФ г/к рулоны,1,2021-11-11,10040.85,False,56500
Q313C,Склад ЦХПП ГП перед упаковкой,1,2021-10-26,7190.42,False,3000
Q3121,Склад ЦГП ГП,1,2021-10-25,13549.99,False,23000
Q311SFG,Склад ЦТС ПФ х/к продукция,1,2021-10-15,500.0,False,3000
Q3134,Склад ЦХПП ПФ х/к нагартованный,1,2021-10-08,8158.47,False,23500
Q311B,Склад ЦТС ПФ после термопокрытия,1,2021-11-11,319.46,False,700
Q315M,Склад ЦДС материалы,1,2021-10-31,0.0,False,0
Q315C,Склад ЦДС ПФ перед АПП,1,2021-11-19,3421.25,False,4000
Q3136,Склад ЦХПП ПФ г/к травленный,1,2021-11-16,1535.2,False,17000
Q311B,Склад ЦТС ПФ после термопокрытия,1,2021-10-08,323.16,False,700
Q3155,Склад ЦДС ПФ перед Прокаткой,1,2021-11-06,3157.87,False,5800
Q3154,Склад перед НТА,1,2021-11-06,1386.68,False,7400
Q313M,Склад ЦХПП материалы,1,2021-11-04,0.0,False,0
Q313M,Склад ЦХПП материалы,1,2021-11-11,0.0,False,0
Q3157,"Склад ЦДС ПФ перед АНО, АНГЦ",1,2021-11-18,9178.47,False,10000
Q311E,Склад ЦТС ПФ перед АР,1,2021-11-01,-10325.47,False,1300
Q3137,Склад ЦХПП ПФ перед АР,1,2021-10-29,19784.88,False,25000
Q311E,Склад ЦТС ПФ перед АР,1,2021-10-15,-2106.02,False,1300
Q3136,Склад ЦХПП ПФ г/к травленный,1,2021-10-10,8744.17,False,17000
Q307M,Склад КЦ-2 материалы,1,2021-11-10,0.0,False,0
Q311E,Склад ЦТС ПФ перед АР,1,2021-11-15,-9077.77,False,1300
Q313M,Склад ЦХПП материалы,1,2021-11-19,0.0,False,0
Q315C,Склад ЦДС ПФ перед АПП,1,2021-11-01,3287.59,False,4000
Q3134,Склад ЦХПП ПФ х/к нагартованный,1,2021-10-31,9642.28,False,23500
Q306M,Склад КЦ-1 материалы,1,2021-11-16,0.0,False,0
Q3121,Склад ЦГП ГП,1,2021-11-03,15028.42,False,23000
Q307M,Склад КЦ-2 материалы,1,2021-11-02,0.0,False,0
Q313A,Склад ЦХПП ПФ перед АПП,1,2021-10-31,5141.42,False,8500
Q313A,Склад ЦХПП ПФ перед АПП,1,2021-11-11,3234.7,False,8500
Q311SHR,Склад ТК ПТС перед упаковкой,1,2021-10-15,625.02,False,1000
Q3158,Склад ЦДС ПФ перед АР,1,2021-10-29,9707.07,False,10800
Q3112,Склад ЦТС Травильный комплекс,1,2021-11-02,2287.43,False,3000
Q306M,Склад КЦ-1 материалы,1,2021-10-27,0.0,False,0
Q3154,Склад перед НТА,1,2021-10-07,1349.78,False,7400
Q313M,Склад ЦХПП материалы,1,2021-10-21,0.0,False,0
Q3134,Склад ЦХПП ПФ х/к нагартованный,1,2021-10-29,13009.18,False,23500
Q311SFG,Склад ЦТС ПФ х/к продукция,1,2021-10-26,939.14,False,3000
Q311SFG,Склад ЦТС ПФ х/к продукция,1,2021-11-05,841.56,False,3000
Q3135,Склад ЦХПП ПФ перед ДС,1,2021-10-22,10004.01,False,16000
Q315B,Склад перед упаковкой,1,2021-10-15,3626.73,False,1500
Q3132,Склад ЦХПП ПФ г/к рулоны,1,2021-10-26,41977.52,False,56500
Q315C,Склад ЦДС ПФ перед АПП,1,2021-11-07,3534.92,False,4000
Q311SHR,Склад ТК ПТС перед упаковкой,1,2021-11-14,47.84,False,1000
Q311B,Склад ЦТС ПФ после термопокрытия,1,2021-11-19,1025.54,False,700
Q311SFG,Склад ЦТС ПФ х/к продукция,1,2021-10-07,500.0,False,3000
Q313A,Склад ЦХПП ПФ перед АПП,1,2021-11-20,3212.99,False,8500
Q3136,Склад ЦХПП ПФ г/к травленный,1,2021-10-19,8737.92,False,17000
Q315C,Склад ЦДС ПФ перед АПП,1,2021-10-19,2318.77,False,4000
Q306M,Склад КЦ-1 материалы,1,2021-10-31,0.0,False,0
Q311E,Склад ЦТС ПФ перед АР,1,2021-10-19,-2779.54,False,1300
Q311SFG,Склад ЦТС ПФ х/к продукция,1,2021-11-14,0.0,False,3000
Q3156,Склад ЦДС ПФ перед АПхкР,1,2021-10-31,8662.27,False,8800
Q311SFG,Склад ЦТС ПФ х/к продукция,1,2021-11-19,701.15,False,3000
Q3134,Склад ЦХПП ПФ х/к нагартованный,1,2021-11-09,7721.22,False,23500
Q3132,Склад ЦХПП ПФ г/к рулоны,1,2021-11-19,9973.81,False,56500
Q3136,Склад ЦХПП ПФ г/к травленный,1,2021-10-12,5744.37,False,17000
Q306M,Склад КЦ-1 материалы,1,2021-11-01,0.0,False,0
Q3154,Склад перед НТА,1,2021-10-25,2822.31,False,7400
Q3137,Склад ЦХПП ПФ перед АР,1,2021-10-30,19877.74,False,25000
Q307M,Склад КЦ-2 материалы,1,2021-10-30,0.0,False,0
Q3132,Склад ЦХПП ПФ г/к рулоны,1,2021-10-17,54365.16,False,56500
Q315B,Склад перед упаковкой,1,2021-10-18,4016.93,False,1500
Q313M,Склад ЦХПП материалы,1,2021-10-28,0.0,False,0
Q315C,Склад ЦДС ПФ перед АПП,1,2021-11-14,3421.25,False,4000
Q313A,Склад ЦХПП ПФ перед АПП,1,2021-11-07,3297.17,False,8500
Q306M,Склад КЦ-1 материалы,1,2021-10-13,0.0,False,0
Q315C,Склад ЦДС ПФ перед АПП,1,2021-11-15,3421.25,False,4000
Q3157,"Склад ЦДС ПФ перед АНО, АНГЦ",1,2021-10-24,8112.56,False,10000
Q3157,"Склад ЦДС ПФ перед АНО, АНГЦ",1,2021-10-18,6022.18,False,10000
Q3154,Склад перед НТА,1,2021-10-13,2922.7,False,7400
Q311SFG,Склад ЦТС ПФ х/к продукция,1,2021-10-23,613.38,False,3000
Q3134,Склад ЦХПП ПФ х/к нагартованный,1,2021-11-20,1355.66,False,23500
Q315M,Склад ЦДС материалы,1,2021-11-08,0.0,False,0
Q3137,Склад ЦХПП ПФ перед АР,1,2021-11-11,20062.86,False,25000
Q307M,Склад КЦ-2 материалы,1,2021-10-29,0.0,False,0
Q3157,"Склад ЦДС ПФ перед АНО, АНГЦ",1,2021-11-06,10223.27,True,10000
Q311A,Склад ЦТС ПФ после обезжиривания,1,2021-11-09,835.72,False,1400
Q313C,Склад ЦХПП ГП перед упаковкой,1,2021-10-25,8139.75,False,3000
Q3136,Склад ЦХПП ПФ г/к травленный,1,2021-10-07,9007.64,False,17000
Q3158,Склад ЦДС ПФ перед АР,1,2021-11-08,10139.36,False,10800
Q3134,Склад ЦХПП ПФ х/к нагартованный,1,2021-11-13,6374.78,False,23500
Q311SFG,Склад ЦТС ПФ х/к продукция,1,2021-11-07,500.0,False,3000
Q3121,Склад ЦГП ГП,1,2021-10-29,14866.55,False,23000
Q3135,Склад ЦХПП ПФ перед ДС,1,2021-10-18,13302.76,False,16000
Q311B,Склад ЦТС ПФ после термопокрытия,1,2021-11-20,1355.12,False,700
Q311B,Склад ЦТС ПФ после термопокрытия,1,2021-11-02,50.0,False,700
Q311SHR,Склад ТК ПТС перед упаковкой,1,2021-10-08,1086.89,True,1000
Q3136,Склад ЦХПП ПФ г/к травленный,1,2021-10-08,13790.63,False,17000
Q311A,Склад ЦТС ПФ после обезжиривания,1,2021-11-05,526.81,False,1400
Q3112,Склад ЦТС Травильный комплекс,1,2021-11-09,3512.6,False,3000
Q306M,Склад КЦ-1 материалы,1,2021-10-30,0.0,False,0
Q315B,Склад перед упаковкой,1,2021-11-04,3833.15,False,1500
Q3157,"Склад ЦДС ПФ перед АНО, АНГЦ",1,2021-11-11,12153.33,False,10000
Q315C,Склад ЦДС ПФ перед АПП,1,2021-10-29,3601.68,False,4000
Q3154,Склад перед НТА,1,2021-11-07,1338.11,False,7400
Q3158,Склад ЦДС ПФ перед АР,1,2021-10-08,8779.08,False,10800
Q3137,Склад ЦХПП ПФ перед АР,1,2021-10-16,20022.5,False,25000
Q3001,Склад отгрузки,1,2021-10-09,27755.94,False,0
Q3121,Склад ЦГП ГП,1,2021-10-27,14879.33,False,23000
Q3137,Склад ЦХПП ПФ перед АР,1,2021-11-20,17636.73,False,25000
Q313C,Склад ЦХПП ГП перед упаковкой,1,2021-10-14,12751.24,False,3000
Q3157,"Склад ЦДС ПФ перед АНО, АНГЦ",1,2021-10-11,4998.38,False,10000
Q3132,Склад ЦХПП ПФ г/к рулоны,1,2021-11-06,26927.97,False,56500
Q3158,Склад ЦДС ПФ перед АР,1,2021-10-24,10000.35,False,10800
Q3157,"Склад ЦДС ПФ перед АНО, АНГЦ",1,2021-10-30,9116.99,False,10000
Q313M,Склад ЦХПП материалы,1,2021-11-09,0.0,False,0
Q3136,Склад ЦХПП ПФ г/к травленный,1,2021-10-09,11692.05,False,17000
Q311B,Склад ЦТС ПФ после термопокрытия,1,2021-11-14,935.59,False,700
Q313C,Склад ЦХПП ГП перед упаковкой,1,2021-10-13,14270.23,False,3000
Q3155,Склад ЦДС ПФ перед Прокаткой,1,2021-11-04,3366.99,False,5800
Q311A,Склад ЦТС ПФ после обезжиривания,1,2021-11-14,1040.58,False,1400
Q3136,Склад ЦХПП ПФ г/к травленный,1,2021-10-20,8467.51,False,17000
Q3154,Склад перед НТА,1,2021-11-19,353.15,False,7400
Q3156,Склад ЦДС ПФ перед АПхкР,1,2021-11-12,3209.1,False,8800
Q315B,Склад перед упаковкой,1,2021-10-22,5473.54,False,1500
Q3137,Склад ЦХПП ПФ перед АР,1,2021-11-15,18460.45,False,25000
Q315C,Склад ЦДС ПФ перед АПП,1,2021-10-16,2846.67,False,4000
Q311E,Склад ЦТС ПФ перед АР,1,2021-10-11,-368.84,False,1300
Q311SFG,Склад ЦТС ПФ х/к продукция,1,2021-10-25,725.1,False,3000
Q3137,Склад ЦХПП ПФ перед АР,1,2021-11-19,18698.2,False,25000
Q3156,Склад ЦДС ПФ перед АПхкР,1,2021-10-18,7465.9,False,8800
Q311A,Склад ЦТС ПФ после обезжиривания,1,2021-11-06,544.82,False,1400
Q3137,Склад ЦХПП ПФ перед АР,1,2021-10-19,20044.78,False,25000
Q315C,Склад ЦДС ПФ перед АПП,1,2021-10-28,3553.17,False,4000
Q3135,Склад ЦХПП ПФ перед ДС,1,2021-11-13,2602.42,False,16000
Q311A,Склад ЦТС ПФ после обезжиривания,1,2021-10-30,609.41,False,1400
Q315M,Склад ЦДС материалы,1,2021-10-29,0.0,False,0
Q3137,Склад ЦХПП ПФ перед АР,1,2021-11-09,18831.19,False,25000
Q3158,Склад ЦДС ПФ перед АР,1,2021-11-12,9495.08,False,10800
Q313C,Склад ЦХПП ГП перед упаковкой,1,2021-10-10,14536.83,False,3000
Q3132,Склад ЦХПП ПФ г/к рулоны,1,2021-11-15,10313.33,False,56500
Q3136,Склад ЦХПП ПФ г/к травленный,1,2021-11-18,1279.59,False,17000
Q306M,Склад КЦ-1 материалы,1,2021-11-14,0.0,False,0
Q315B,Склад перед упаковкой,1,2021-10-30,4313.98,False,1500
Q315B,Склад перед упаковкой,1,2021-10-09,2897.13,False,1500
Q306M,Склад КЦ-1 материалы,1,2021-10-21,0.0,False,0
Q315C,Склад ЦДС ПФ перед АПП,1,2021-10-30,3331.44,False,4000
Q307M,Склад КЦ-2 материалы,1,2021-11-18,0.0,False,0
Q315B,Склад перед упаковкой,1,2021-10-23,4918.25,False,1500
Q313A,Склад ЦХПП ПФ перед АПП,1,2021-10-13,5257.08,False,8500
Q3155,Склад ЦДС ПФ перед Прокаткой,1,2021-10-07,7110.92,True,5800
Q3157,"Склад ЦДС ПФ перед АНО, АНГЦ",1,2021-11-04,10215.27,True,10000
Q311B,Склад ЦТС ПФ после термопокрытия,1,2021-10-21,150.0,False,700
Q3158,Склад ЦДС ПФ перед АР,1,2021-11-09,10568.49,False,10800
Q311A,Склад ЦТС ПФ после обезжиривания,1,2021-11-11,1090.13,False,1400
Q3155,Склад ЦДС ПФ перед Прокаткой,1,2021-10-17,4914.79,False,5800
Q315M,Склад ЦДС материалы,1,2021-11-11,0.0,False,0
Q311SHR,Склад ТК ПТС перед упаковкой,1,2021-10-27,800.0,False,1000
Q315C,Склад ЦДС ПФ перед АПП,1,2021-11-20,3421.25,False,4000
Q311SHR,Склад ТК ПТС перед упаковкой,1,2021-10-23,1000.0,False,1000
Q311A,Склад ЦТС ПФ после обезжиривания,1,2021-10-17,73.06,False,1400
Q3136,Склад ЦХПП ПФ г/к травленный,1,2021-11-10,1823.79,False,17000
Q3001,Склад отгрузки,1,2021-11-03,124455.51,False,0
Q3121,Склад ЦГП ГП,1,2021-10-30,14674.89,False,23000
Q3112,Склад ЦТС Травильный комплекс,1,2021-10-31,2585.66,False,3000
Q3155,Склад ЦДС ПФ перед Прокаткой,1,2021-10-27,6574.03,True,5800
Q3156,Склад ЦДС ПФ перед АПхкР,1,2021-11-04,8906.97,True,8800
Q315C,Склад ЦДС ПФ перед АПП,1,2021-11-03,3316.71,False,4000
Q313A,Склад ЦХПП ПФ перед АПП,1,2021-11-08,3234.7,False,8500
Q311B,Склад ЦТС ПФ после термопокрытия,1,2021-11-10,40.33,False,700
Q311A,Склад ЦТС ПФ после обезжиривания,1,2021-10-10,239.93,False,1400
Q3001,Склад отгрузки,1,2021-10-28,153204.92,False,0
Q3156,Склад ЦДС ПФ перед АПхкР,1,2021-10-07,4992.64,False,8800
Q3155,Склад ЦДС ПФ перед Прокаткой,1,2021-11-18,1451.3,False,5800
Q307M,Склад КЦ-2 материалы,1,2021-10-11,0.0,False,0
Q3135,Склад ЦХПП ПФ перед ДС,1,2021-11-05,11005.92,False,16000
Q306M,Склад КЦ-1 материалы,1,2021-10-28,0.0,False,0
Q3001,Склад отгрузки,1,2021-11-04,122511.38,False,0
Q313A,Склад ЦХПП ПФ перед АПП,1,2021-11-14,3234.7,False,8500
Q3157,"Склад ЦДС ПФ перед АНО, АНГЦ",1,2021-11-10,12479.58,False,10000
Q307M,Склад КЦ-2 материалы,1,2021-11-17,0.0,False,0
Q311B,Склад ЦТС ПФ после термопокрытия,1,2021-11-12,540.78,False,700
Q313C,Склад ЦХПП ГП перед упаковкой,1,2021-11-07,6267.65,False,3000
Q313A,Склад ЦХПП ПФ перед АПП,1,2021-10-20,4062.99,False,8500
Q3157,"Склад ЦДС ПФ перед АНО, АНГЦ",1,2021-11-02,9697.55,False,10000
Q3154,Склад перед НТА,1,2021-10-21,3603.11,False,7400
Q306M,Склад КЦ-1 материалы,1,2021-11-17,0.0,False,0
Q3136,Склад ЦХПП ПФ г/к травленный,1,2021-11-05,4540.65,False,17000
Q311SHR,Склад ТК ПТС перед упаковкой,1,2021-11-09,252.44,False,1000
Q315B,Склад перед упаковкой,1,2021-11-09,2030.6,False,1500
Q311SFG,Склад ЦТС ПФ х/к продукция,1,2021-10-10,500.0,False,3000
Q3156,Склад ЦДС ПФ перед АПхкР,1,2021-11-09,4331.65,False,8800
Q311SFG,Склад ЦТС ПФ х/к продукция,1,2021-11-09,199.26,False,3000
Q3158,Склад ЦДС ПФ перед АР,1,2021-10-27,10000.35,False,10800
Q3136,Склад ЦХПП ПФ г/к травленный,1,2021-10-15,5575.6,False,17000
Q3156,Склад ЦДС ПФ перед АПхкР,1,2021-10-15,6000.0,False,8800
Q311A,Склад ЦТС ПФ после обезжиривания,1,2021-10-07,249.96,False,1400
Q315M,Склад ЦДС материалы,1,2021-10-09,0.0,False,0
Q3154,Склад перед НТА,1,2021-10-22,3300.8,False,7400
Q311A,Склад ЦТС ПФ после обезжиривания,1,2021-11-02,442.84,False,1400
Q3001,Склад отгрузки,1,2021-10-20,113739.34,False,0
Q3154,Склад перед НТА,1,2021-10-08,4302.27,False,7400
Q313M,Склад ЦХПП материалы,1,2021-11-06,0.0,False,0
Q3156,Склад ЦДС ПФ перед АПхкР,1,2021-11-13,2422.22,False,8800
Q3136,Склад ЦХПП ПФ г/к травленный,1,2021-10-30,5858.58,False,17000
Q3136,Склад ЦХПП ПФ г/к травленный,1,2021-10-16,7448.72,False,17000
Q3158,Склад ЦДС ПФ перед АР,1,2021-11-02,10153.88,False,10800
Q313M,Склад ЦХПП материалы,1,2021-11-17,0.0,False,0
Q315M,Склад ЦДС материалы,1,2021-11-13,0.0,False,0
Q311E,Склад ЦТС ПФ перед АР,1,2021-11-02,-10058.75,False,1300
Q3112,Склад ЦТС Травильный комплекс,1,2021-10-07,2802.25,False,3000
Q311FHR,Склад ТК ПТС готовая продукция,1,2021-10-31,1131.71,True,550
Q311E,Склад ЦТС ПФ перед АР,1,2021-11-03,-10409.34,False,1300
Q313C,Склад ЦХПП ГП перед упаковкой,1,2021-11-11,5895.06,False,3000
Q3155,Склад ЦДС ПФ перед Прокаткой,1,2021-11-19,1471.23,False,5800
Q311A,Склад ЦТС ПФ после обезжиривания,1,2021-10-20,187.68,False,1400
Q311FHR,Склад ТК ПТС готовая продукция,1,2021-10-07,1651.99,True,550
Q306M,Склад КЦ-1 материалы,1,2021-10-10,0.0,False,0
Q311SFG,Склад ЦТС ПФ х/к продукция,1,2021-11-12,202.68,False,3000
Q311SFG,Склад ЦТС ПФ х/к продукция,1,2021-10-28,1000.0,False,3000
Q311SHR,Склад ТК ПТС перед упаковкой,1,2021-10-12,800.0,False,1000
Q3158,Склад ЦДС ПФ перед АР,1,2021-10-25,10000.35,False,10800
Q313M,Склад ЦХПП материалы,1,2021-10-13,0.0,False,0
Q3001,Склад отгрузки,1,2021-10-19,124370.07,False,0
Q3001,Склад отгрузки,1,2021-10-25,140006.59,False,0
Q311B,Склад ЦТС ПФ после термопокрытия,1,2021-10-22,322.29,False,700
Q3155,Склад ЦДС ПФ перед Прокаткой,1,2021-11-09,2199.37,False,5800
Q3158,Склад ЦДС ПФ перед АР,1,2021-11-03,10000.35,False,10800
Q3155,Склад ЦДС ПФ перед Прокаткой,1,2021-11-08,2999.62,False,5800
Q3155,Склад ЦДС ПФ перед Прокаткой,1,2021-10-22,6388.21,True,5800
Q313C,Склад ЦХПП ГП перед упаковкой,1,2021-10-11,14981.82,False,3000
Q306M,Склад КЦ-1 материалы,1,2021-11-13,0.0,False,0
Q315C,Склад ЦДС ПФ перед АПП,1,2021-10-24,3122.18,False,4000
Q311E,Склад ЦТС ПФ перед АР,1,2021-11-18,-10797.51,False,1300
Q313C,Склад ЦХПП ГП перед упаковкой,1,2021-10-12,14776.59,False,3000
Q3157,"Склад ЦДС ПФ перед АНО, АНГЦ",1,2021-11-19,9113.34,False,10000
Q3132,Склад ЦХПП ПФ г/к рулоны,1,2021-10-25,47886.83,False,56500
Q311B,Склад ЦТС ПФ после термопокрытия,1,2021-11-09,416.0,False,700
Q3112,Склад ЦТС Травильный комплекс,1,2021-10-28,1654.24,False,3000
Q315B,Склад перед упаковкой,1,2021-11-18,3064.95,False,1500
Q311B,Склад ЦТС ПФ после термопокрытия,1,2021-10-13,150.0,False,700
Q3157,"Склад ЦДС ПФ перед АНО, АНГЦ",1,2021-11-09,12937.02,False,10000
Q311A,Склад ЦТС ПФ после обезжиривания,1,2021-10-19,279.01,False,1400
Q3001,Склад отгрузки,1,2021-11-05,128155.58,False,0
Q311B,Склад ЦТС ПФ после термопокрытия,1,2021-11-08,345.74,False,700
Q3135,Склад ЦХПП ПФ перед ДС,1,2021-10-09,13691.32,False,16000
Q3155,Склад ЦДС ПФ перед Прокаткой,1,2021-11-10,2758.2,False,5800
Q313C,Склад ЦХПП ГП перед упаковкой,1,2021-10-21,10168.55,False,3000
Q3156,Склад ЦДС ПФ перед АПхкР,1,2021-10-22,7593.61,False,8800
Q311E,Склад ЦТС ПФ перед АР,1,2021-10-21,-4274.23,False,1300
Q3134,Склад ЦХПП ПФ х/к нагартованный,1,2021-10-28,14400.75,False,23500
Q3156,Склад ЦДС ПФ перед АПхкР,1,2021-10-11,5682.83,False,8800
Q311SHR,Склад ТК ПТС перед упаковкой,1,2021-10-20,1009.32,True,1000
Q313M,Склад ЦХПП материалы,1,2021-11-20,0.0,False,0
Q3112,Склад ЦТС Травильный комплекс,1,2021-10-13,2500.0,False,3000
Q3001,Склад отгрузки,1,2021-10-17,139152.19,False,0
Q3134,Склад ЦХПП ПФ х/к нагартованный,1,2021-11-02,10293.81,False,23500
Q3132,Склад ЦХПП ПФ г/к рулоны,1,2021-10-09,41799.46,False,56500
Q3001,Склад отгрузки,1,2021-10-27,154939.1,False,0
Q315M,Склад ЦДС материалы,1,2021-10-17,0.0,False,0
Q3121,Склад ЦГП ГП,1,2021-10-13,12322.29,False,23000
Q313M,Склад ЦХПП материалы,1,2021-10-31,0.0,False,0
Q311SHR,Склад ТК ПТС перед упаковкой,1,2021-10-31,400.0,False,1000
Q3135,Склад ЦХПП ПФ перед ДС,1,2021-11-02,10585.88,False,16000
Q313M,Склад ЦХПП материалы,1,2021-10-07,0.0,False,0
Q315C,Склад ЦДС ПФ перед АПП,1,2021-11-13,3701.15,False,4000
Q311FHR,Склад ТК ПТС готовая продукция,1,2021-11-11,1422.24,False,550
Q315B,Склад перед упаковкой,1,2021-11-17,3166.95,False,1500
Q3134,Склад ЦХПП ПФ х/к нагартованный,1,2021-10-21,11697.96,False,23500
Q3136,Склад ЦХПП ПФ г/к травленный,1,2021-11-07,4000.0,False,17000
Q3137,Склад ЦХПП ПФ перед АР,1,2021-11-07,18674.1,False,25000
Q313C,Склад ЦХПП ГП перед упаковкой,1,2021-10-24,7527.28,False,3000
Q3136,Склад ЦХПП ПФ г/к травленный,1,2021-11-01,5919.47,False,17000
Q3155,Склад ЦДС ПФ перед Прокаткой,1,2021-11-12,2149.36,False,5800
Q313A,Склад ЦХПП ПФ перед АПП,1,2021-11-17,3234.7,False,8500
Q3134,Склад ЦХПП ПФ х/к нагартованный,1,2021-10-07,8797.25,False,23500
Q3001,Склад отгрузки,1,2021-11-17,92323.52,False,0
Q3135,Склад ЦХПП ПФ перед ДС,1,2021-10-08,15242.97,False,16000
Q3121,Склад ЦГП ГП,1,2021-10-08,10497.26,False,23000
Q313M,Склад ЦХПП материалы,1,2021-10-10,0.0,False,0
Q307M,Склад КЦ-2 материалы,1,2021-11-16,0.0,False,0
Q3155,Склад ЦДС ПФ перед Прокаткой,1,2021-10-25,8215.89,True,5800
Q3137,Склад ЦХПП ПФ перед АР,1,2021-10-26,20536.82,False,25000
Q315C,Склад ЦДС ПФ перед АПП,1,2021-11-08,3534.92,False,4000
Q3157,"Склад ЦДС ПФ перед АНО, АНГЦ",1,2021-10-16,6000.37,False,10000
Q315C,Склад ЦДС ПФ перед АПП,1,2021-10-17,2357.69,False,4000
Q315C,Склад ЦДС ПФ перед АПП,1,2021-11-16,3421.25,False,4000
Q311E,Склад ЦТС ПФ перед АР,1,2021-10-16,-2424.33,False,1300
Q315C,Склад ЦДС ПФ перед АПП,1,2021-10-09,3523.22,False,4000
Q311SHR,Склад ТК ПТС перед упаковкой,1,2021-10-14,625.02,False,1000
Q3137,Склад ЦХПП ПФ перед АР,1,2021-11-04,20376.13,False,25000
Q311SHR,Склад ТК ПТС перед упаковкой,1,2021-11-18,1760.13,False,1000
Q311FHR,Склад ТК ПТС готовая продукция,1,2021-11-07,1131.71,True,550
Q3134,Склад ЦХПП ПФ х/к нагартованный,1,2021-10-26,13899.36,False,23500
Q307M,Склад КЦ-2 материалы,1,2021-10-16,0.0,False,0
Q3112,Склад ЦТС Травильный комплекс,1,2021-10-18,3000.0,False,3000
Q3137,Склад ЦХПП ПФ перед АР,1,2021-11-08,18263.15,False,25000
Q311A,Склад ЦТС ПФ после обезжиривания,1,2021-10-14,400.0,False,1400
Q3156,Склад ЦДС ПФ перед АПхкР,1,2021-10-21,7737.04,False,8800
Q311E,Склад ЦТС ПФ перед АР,1,2021-10-31,-9639.99,False,1300
Q311FHR,Склад ТК ПТС готовая продукция,1,2021-11-17,1775.96,False,550
Q3136,Склад ЦХПП ПФ г/к травленный,1,2021-11-20,1279.59,False,17000
Q3135,Склад ЦХПП ПФ перед ДС,1,2021-10-12,14084.9,False,16000
Q311E,Склад ЦТС ПФ перед АР,1,2021-10-26,-7172.33,False,1300
Q3156,Склад ЦДС ПФ перед АПхкР,1,2021-11-11,3566.73,False,8800
Q3155,Склад ЦДС ПФ перед Прокаткой,1,2021-10-24,7339.25,True,5800
Q3121,Склад ЦГП ГП,1,2021-11-02,14985.32,False,23000
Q3134,Склад ЦХПП ПФ х/к нагартованный,1,2021-11-17,2281.14,False,23500
Q3156,Склад ЦДС ПФ перед АПхкР,1,2021-10-24,6926.18,False,8800
Q3157,"Склад ЦДС ПФ перед АНО, АНГЦ",1,2021-10-26,7668.8,False,10000
Q306M,Склад КЦ-1 материалы,1,2021-11-04,0.0,False,0
Q311SFG,Склад ЦТС ПФ х/к продукция,1,2021-11-13,0.0,False,3000
Q3135,Склад ЦХПП ПФ перед ДС,1,2021-10-10,13622.45,False,16000
Q311FHR,Склад ТК ПТС готовая продукция,1,2021-11-05,1131.71,True,550
Q311SFG,Склад ЦТС ПФ х/к продукция,1,2021-11-10,233.22,False,3000
Q3158,Склад ЦДС ПФ перед АР,1,2021-11-17,8984.03,False,10800
Q313M,Склад ЦХПП материалы,1,2021-10-17,0.0,False,0
Q3136,Склад ЦХПП ПФ г/к травленный,1,2021-11-19,1279.59,False,17000
Q3132,Склад ЦХПП ПФ г/к рулоны,1,2021-10-29,40412.5,False,56500
Q311SFG,Склад ЦТС ПФ х/к продукция,1,2021-10-09,584.11,False,3000
Q313C,Склад ЦХПП ГП перед упаковкой,1,2021-10-16,11573.45,False,3000
Q311A,Склад ЦТС ПФ после обезжиривания,1,2021-10-15,334.17,False,1400
Q311FHR,Склад ТК ПТС готовая продукция,1,2021-10-30,1131.71,True,550
Q3154,Склад перед НТА,1,2021-11-16,353.15,False,7400
Q3154,Склад перед НТА,1,2021-10-17,3667.9,False,7400
Q3112,Склад ЦТС Травильный комплекс,1,2021-10-12,2719.95,False,3000
Q311FHR,Склад ТК ПТС готовая продукция,1,2021-10-24,1312.09,True,550
Q3121,Склад ЦГП ГП,1,2021-11-15,5950.14,False,23000
Q311E,Склад ЦТС ПФ перед АР,1,2021-10-28,-9666.25,False,1300
Q3136,Склад ЦХПП ПФ г/к травленный,1,2021-11-12,1279.59,False,17000
Q313C,Склад ЦХПП ГП перед упаковкой,1,2021-11-12,6339.68,False,3000
Q3158,Склад ЦДС ПФ перед АР,1,2021-11-11,9934.29,False,10800
Q3136,Склад ЦХПП ПФ г/к травленный,1,2021-10-26,9252.19,False,17000
Q3156,Склад ЦДС ПФ перед АПхкР,1,2021-11-05,8326.19,False,8800
Q315B,Склад перед упаковкой,1,2021-11-16,3346.78,False,1500
Q311A,Склад ЦТС ПФ после обезжиривания,1,2021-11-13,1106.18,False,1400
Q315C,Склад ЦДС ПФ перед АПП,1,2021-11-02,3287.59,False,4000
Q313A,Склад ЦХПП ПФ перед АПП,1,2021-10-08,7665.55,False,8500
Q3135,Склад ЦХПП ПФ перед ДС,1,2021-10-21,10400.19,False,16000
Q3112,Склад ЦТС Травильный комплекс,1,2021-10-16,3000.0,False,3000
Q315C,Склад ЦДС ПФ перед АПП,1,2021-11-09,3534.92,False,4000
Q311SHR,Склад ТК ПТС перед упаковкой,1,2021-10-11,800.0,False,1000
Q3156,Склад ЦДС ПФ перед АПхкР,1,2021-11-06,7443.86,False,8800
Q3112,Склад ЦТС Травильный комплекс,1,2021-11-19,4956.45,False,3000
Q3156,Склад ЦДС ПФ перед АПхкР,1,2021-11-14,2298.54,False,8800
Q311FHR,Склад ТК ПТС готовая продукция,1,2021-10-13,1131.71,True,550
Q3121,Склад ЦГП ГП,1,2021-10-09,11156.75,False,23000
Q3137,Склад ЦХПП ПФ перед АР,1,2021-10-11,24936.63,False,25000
Q3135,Склад ЦХПП ПФ перед ДС,1,2021-10-13,13490.58,False,16000
Q313C,Склад ЦХПП ГП перед упаковкой,1,2021-10-17,11970.85,False,3000
Q315B,Склад перед упаковкой,1,2021-10-11,2897.49,False,1500
Q3112,Склад ЦТС Травильный комплекс,1,2021-11-03,2745.78,False,3000
Q311SFG,Склад ЦТС ПФ х/к продукция,1,2021-11-11,212.41,False,3000
Q307M,Склад КЦ-2 материалы,1,2021-11-19,0.0,False,0
Q311SHR,Склад ТК ПТС перед упаковкой,1,2021-10-28,800.0,False,1000
Q3156,Склад ЦДС ПФ перед АПхкР,1,2021-11-18,1972.58,False,8800
Q311B,Склад ЦТС ПФ после термопокрытия,1,2021-11-03,50.0,False,700
Q3135,Склад ЦХПП ПФ перед ДС,1,2021-10-16,13845.54,False,16000
Q311B,Склад ЦТС ПФ после термопокрытия,1,2021-11-17,576.15,False,700
Q313C,Склад ЦХПП ГП перед упаковкой,1,2021-11-06,6716.45,False,3000
Q311E,Склад ЦТС ПФ перед АР,1,2021-11-07,-11351.68,False,1300
Q313M,Склад ЦХПП материалы,1,2021-11-13,0.0,False,0
Q3135,Склад ЦХПП ПФ перед ДС,1,2021-11-14,3526.09,False,16000
Q315C,Склад ЦДС ПФ перед АПП,1,2021-10-27,3212.19,False,4000
Q3158,Склад ЦДС ПФ перед АР,1,2021-10-22,10061.41,False,10800
Q3137,Склад ЦХПП ПФ перед АР,1,2021-11-18,17734.44,False,25000
Q3154,Склад перед НТА,1,2021-11-20,353.15,False,7400
Q311A,Склад ЦТС ПФ после обезжиривания,1,2021-10-27,400.0,False,1400
Q311FHR,Склад ТК ПТС готовая продукция,1,2021-10-28,1239.2,True,550
Q315B,Склад перед упаковкой,1,2021-10-21,4866.34,False,1500
Q3132,Склад ЦХПП ПФ г/к рулоны,1,2021-10-12,45000.0,False,56500
Q3136,Склад ЦХПП ПФ г/к травленный,1,2021-10-29,9940.81,False,17000
Q3137,Склад ЦХПП ПФ перед АР,1,2021-10-17,20022.5,False,25000
Q306M,Склад КЦ-1 материалы,1,2021-10-09,0.0,False,0
Q3154,Склад перед НТА,1,2021-11-03,1750.12,False,7400
Q311FHR,Склад ТК ПТС готовая продукция,1,2021-10-21,1131.71,True,550
Q3001,Склад отгрузки,1,2021-11-16,95306.84,False,0
Q306M,Склад КЦ-1 материалы,1,2021-10-14,0.0,False,0
Q3121,Склад ЦГП ГП,1,2021-11-19,5682.66,False,23000
Q3155,Склад ЦДС ПФ перед Прокаткой,1,2021-10-28,5873.19,True,5800
Q3158,Склад ЦДС ПФ перед АР,1,2021-11-10,10032.93,False,10800
Q313A,Склад ЦХПП ПФ перед АПП,1,2021-10-14,4948.71,False,8500
Q3135,Склад ЦХПП ПФ перед ДС,1,2021-11-04,10953.07,False,16000
Q3155,Склад ЦДС ПФ перед Прокаткой,1,2021-10-18,5241.24,False,5800
Q313A,Склад ЦХПП ПФ перед АПП,1,2021-11-06,3495.09,False,8500
Q313M,Склад ЦХПП материалы,1,2021-10-18,0.0,False,0
Q3135,Склад ЦХПП ПФ перед ДС,1,2021-10-07,20834.77,False,16000
Q313M,Склад ЦХПП материалы,1,2021-10-27,0.0,False,0
Q311B,Склад ЦТС ПФ после термопокрытия,1,2021-10-20,212.99,False,700
Q3134,Склад ЦХПП ПФ х/к нагартованный,1,2021-11-08,7456.46,False,23500
Q3158,Склад ЦДС ПФ перед АР,1,2021-10-18,9765.88,False,10800
Q3154,Склад перед НТА,1,2021-11-05,1585.31,False,7400
Q3112,Склад ЦТС Травильный комплекс,1,2021-11-05,2500.0,False,3000
Q311B,Склад ЦТС ПФ после термопокрытия,1,2021-10-27,573.36,False,700
Q3112,Склад ЦТС Травильный комплекс,1,2021-11-01,2500.0,False,3000
Q3132,Склад ЦХПП ПФ г/к рулоны,1,2021-11-14,11500.08,False,56500
Q311E,Склад ЦТС ПФ перед АР,1,2021-11-08,-10952.05,False,1300
Q3158,Склад ЦДС ПФ перед АР,1,2021-10-17,9560.84,False,10800
Q311FHR,Склад ТК ПТС готовая продукция,1,2021-10-26,1161.64,True,550
Q3155,Склад ЦДС ПФ перед Прокаткой,1,2021-11-13,1972.67,False,5800
Q313A,Склад ЦХПП ПФ перед АПП,1,2021-11-05,3761.51,False,8500
Q311FHR,Склад ТК ПТС готовая продукция,1,2021-11-16,1775.96,False,550
Q313A,Склад ЦХПП ПФ перед АПП,1,2021-10-17,3949.94,False,8500
Q311SFG,Склад ЦТС ПФ х/к продукция,1,2021-10-27,1000.0,False,3000
Q311SHR,Склад ТК ПТС перед упаковкой,1,2021-11-02,400.0,False,1000
Q3157,"Склад ЦДС ПФ перед АНО, АНГЦ",1,2021-11-07,10040.46,True,10000
Q3154,Склад перед НТА,1,2021-10-27,2683.19,False,7400
Q3136,Склад ЦХПП ПФ г/к травленный,1,2021-11-13,1279.59,False,17000
Q315M,Склад ЦДС материалы,1,2021-10-12,0.0,False,0
Q307M,Склад КЦ-2 материалы,1,2021-10-07,0.0,False,0
Q311SHR,Склад ТК ПТС перед упаковкой,1,2021-10-13,800.0,False,1000
Q3001,Склад отгрузки,1,2021-10-29,156199.23,False,0
Q313A,Склад ЦХПП ПФ перед АПП,1,2021-10-11,6243.44,False,8500
Q311FHR,Склад ТК ПТС готовая продукция,1,2021-11-04,1131.71,True,550
Q311SHR,Склад ТК ПТС перед упаковкой,1,2021-11-20,28.76,False,1000
Q3135,Склад ЦХПП ПФ перед ДС,1,2021-10-11,13536.77,False,16000
Q306M,Склад КЦ-1 материалы,1,2021-10-26,0.0,False,0
Q307M,Склад КЦ-2 материалы,1,2021-11-07,0.0,False,0
Q315C,Склад ЦДС ПФ перед АПП,1,2021-10-31,3352.51,False,4000
Q311SHR,Склад ТК ПТС перед упаковкой,1,2021-11-10,1814.26,False,1000
Q311A,Склад ЦТС ПФ после обезжиривания,1,2021-11-19,404.28,False,1400
Q3132,Склад ЦХПП ПФ г/к рулоны,1,2021-10-16,52845.83,False,56500
Q3134,Склад ЦХПП ПФ х/к нагартованный,1,2021-10-25,17799.93,False,23500
Q3155,Склад ЦДС ПФ перед Прокаткой,1,2021-11-05,3327.79,False,5800
Q3154,Склад перед НТА,1,2021-10-14,3831.82,False,7400
Q3134,Склад ЦХПП ПФ х/к нагартованный,1,2021-10-11,11056.43,False,23500
Q3137,Склад ЦХПП ПФ перед АР,1,2021-10-23,20065.91,False,25000
Q3155,Склад ЦДС ПФ перед Прокаткой,1,2021-11-15,1492.95,False,5800
Q3157,"Склад ЦДС ПФ перед АНО, АНГЦ",1,2021-10-29,8118.99,False,10000
Q306M,Склад КЦ-1 материалы,1,2021-10-23,0.0,False,0
Q3154,Склад перед НТА,1,2021-11-02,2142.96,False,7400
Q313A,Склад ЦХПП ПФ перед АПП,1,2021-11-02,4401.57,False,8500
Q313M,Склад ЦХПП материалы,1,2021-11-01,0.0,False,0
Q306M,Склад КЦ-1 материалы,1,2021-11-06,0.0,False,0
Q3136,Склад ЦХПП ПФ г/к травленный,1,2021-11-02,4054.71,False,17000
Q311A,Склад ЦТС ПФ после обезжиривания,1,2021-10-16,359.99,False,1400
Q307M,Склад КЦ-2 материалы,1,2021-10-31,0.0,False,0
Q3157,"Склад ЦДС ПФ перед АНО, АНГЦ",1,2021-11-17,9452.17,False,10000
Q315M,Склад ЦДС материалы,1,2021-11-18,0.0,False,0
Q311E,Склад ЦТС ПФ перед АР,1,2021-11-16,-9809.37,False,1300
Q306M,Склад КЦ-1 материалы,1,2021-11-19,0.0,False,0
Q315M,Склад ЦДС материалы,1,2021-10-14,0.0,False,0
Q315B,Склад перед упаковкой,1,2021-11-11,1809.41,False,1500
Q3157,"Склад ЦДС ПФ перед АНО, АНГЦ",1,2021-10-15,5166.49,False,10000
Q3112,Склад ЦТС Травильный комплекс,1,2021-11-16,3942.99,False,3000
Q3135,Склад ЦХПП ПФ перед ДС,1,2021-10-30,10000.0,False,16000
Q306M,Склад КЦ-1 материалы,1,2021-10-11,0.0,False,0
Q3132,Склад ЦХПП ПФ г/к рулоны,1,2021-10-22,56116.71,False,56500
Q3001,Склад отгрузки,1,2021-11-14,94016.23,False,0
Q3155,Склад ЦДС ПФ перед Прокаткой,1,2021-10-15,4325.21,False,5800
Q313C,Склад ЦХПП ГП перед упаковкой,1,2021-10-23,6486.73,False,3000
Q3135,Склад ЦХПП ПФ перед ДС,1,2021-10-17,14213.36,False,16000
Q311FHR,Склад ТК ПТС готовая продукция,1,2021-11-19,1485.43,False,550
Q3132,Склад ЦХПП ПФ г/к рулоны,1,2021-10-08,40799.12,False,56500
Q311FHR,Склад ТК ПТС готовая продукция,1,2021-11-02,1131.71,True,550
Q3134,Склад ЦХПП ПФ х/к нагартованный,1,2021-11-16,5393.41,False,23500
Q311SFG,Склад ЦТС ПФ х/к продукция,1,2021-10-17,500.0,False,3000
Q311SFG,Склад ЦТС ПФ х/к продукция,1,2021-11-18,0.0,False,3000
Q3135,Склад ЦХПП ПФ перед ДС,1,2021-11-01,10232.63,False,16000
Q307M,Склад КЦ-2 материалы,1,2021-10-27,0.0,False,0
Q3155,Склад ЦДС ПФ перед Прокаткой,1,2021-10-21,5467.28,False,5800
Q311SHR,Склад ТК ПТС перед упаковкой,1,2021-11-17,47.84,False,1000
Q3121,Склад ЦГП ГП,1,2021-10-23,15001.96,False,23000
Q3001,Склад отгрузки,1,2021-10-21,127258.55,False,0
Q313A,Склад ЦХПП ПФ перед АПП,1,2021-11-04,3667.94,False,8500
Q3157,"Склад ЦДС ПФ перед АНО, АНГЦ",1,2021-10-17,6069.97,False,10000
Q3157,"Склад ЦДС ПФ перед АНО, АНГЦ",1,2021-10-27,7897.15,False,10000
Q311SFG,Склад ЦТС ПФ х/к продукция,1,2021-11-15,0.0,False,3000
Q307M,Склад КЦ-2 материалы,1,2021-10-15,0.0,False,0
Q3158,Склад ЦДС ПФ перед АР,1,2021-10-09,8547.86,False,10800
Q315M,Склад ЦДС материалы,1,2021-11-14,0.0,False,0
Q313M,Склад ЦХПП материалы,1,2021-11-15,0.0,False,0
Q311SHR,Склад ТК ПТС перед упаковкой,1,2021-11-03,400.0,False,1000
Q313M,Склад ЦХПП материалы,1,2021-11-18,0.0,False,0
Q313M,Склад ЦХПП материалы,1,2021-10-25,0.0,False,0
Q3158,Склад ЦДС ПФ перед АР,1,2021-11-20,7814.31,False,10800
Q313A,Склад ЦХПП ПФ перед АПП,1,2021-10-23,4091.48,False,8500
Q3158,Склад ЦДС ПФ перед АР,1,2021-11-07,9870.05,False,10800
Q3157,"Склад ЦДС ПФ перед АНО, АНГЦ",1,2021-10-10,5022.18,False,10000
Q313A,Склад ЦХПП ПФ перед АПП,1,2021-11-18,3234.7,False,8500
Q3135,Склад ЦХПП ПФ перед ДС,1,2021-10-14,13747.56,False,16000
Q3157,"Склад ЦДС ПФ перед АНО, АНГЦ",1,2021-10-12,4977.56,False,10000
Q3156,Склад ЦДС ПФ перед АПхкР,1,2021-11-01,8800.0,False,8800
Q311E,Склад ЦТС ПФ перед АР,1,2021-10-08,419.07,False,1300
Q311E,Склад ЦТС ПФ перед АР,1,2021-11-17,-10925.1,False,1300
Q311A,Склад ЦТС ПФ после обезжиривания,1,2021-11-18,526.09,False,1400
Q3134,Склад ЦХПП ПФ х/к нагартованный,1,2021-10-15,9145.59,False,23500
Q311SFG,Склад ЦТС ПФ х/к продукция,1,2021-11-01,500.0,False,3000
Q3121,Склад ЦГП ГП,1,2021-10-24,15001.96,False,23000
Q3157,"Склад ЦДС ПФ перед АНО, АНГЦ",1,2021-10-09,5022.98,False,10000
Q313M,Склад ЦХПП материалы,1,2021-11-07,0.0,False,0
Q311FHR,Склад ТК ПТС готовая продукция,1,2021-11-12,1422.24,False,550
Q315B,Склад перед упаковкой,1,2021-10-07,2564.8,False,1500
Q3135,Склад ЦХПП ПФ перед ДС,1,2021-10-19,12265.66,False,16000
Q306M,Склад КЦ-1 материалы,1,2021-11-18,0.0,False,0
Q3132,Склад ЦХПП ПФ г/к рулоны,1,2021-10-27,42339.19,False,56500
Q3136,Склад ЦХПП ПФ г/к травленный,1,2021-10-17,8058.29,False,17000
Q3112,Склад ЦТС Травильный комплекс,1,2021-11-10,3220.72,False,3000
Q3155,Склад ЦДС ПФ перед Прокаткой,1,2021-11-01,4897.8,False,5800
Q313A,Склад ЦХПП ПФ перед АПП,1,2021-10-16,4026.57,False,8500
Q3158,Склад ЦДС ПФ перед АР,1,2021-10-30,9698.13,False,10800
Q306M,Склад КЦ-1 материалы,1,2021-10-16,0.0,False,0
Q311SHR,Склад ТК ПТС перед упаковкой,1,2021-10-09,1086.89,True,1000
Q3121,Склад ЦГП ГП,1,2021-11-13,13554.26,False,23000
Q311FHR,Склад ТК ПТС готовая продукция,1,2021-10-29,1131.71,True,550
Q3135,Склад ЦХПП ПФ перед ДС,1,2021-10-20,11154.71,False,16000
Q311FHR,Склад ТК ПТС готовая продукция,1,2021-11-15,1775.96,False,550
Q311E,Склад ЦТС ПФ перед АР,1,2021-10-23,-5132.84,False,1300
Q3135,Склад ЦХПП ПФ перед ДС,1,2021-10-26,9943.23,False,16000
Q311SFG,Склад ЦТС ПФ х/к продукция,1,2021-10-22,622.56,False,3000
Q3112,Склад ЦТС Травильный комплекс,1,2021-10-20,2999.72,False,3000
Q3001,Склад отгрузки,1,2021-10-22,137428.95,False,0
Q311SFG,Склад ЦТС ПФ х/к продукция,1,2021-11-04,641.46,False,3000
Q311E,Склад ЦТС ПФ перед АР,1,2021-10-07,1025.92,False,1300
Q3155,Склад ЦДС ПФ перед Прокаткой,1,2021-10-31,4807.58,False,5800
Q315M,Склад ЦДС материалы,1,2021-11-04,0.0,False,0
Q313A,Склад ЦХПП ПФ перед АПП,1,2021-10-25,4986.85,False,8500
Q315M,Склад ЦДС материалы,1,2021-11-10,0.0,False,0
Q3134,Склад ЦХПП ПФ х/к нагартованный,1,2021-10-17,9366.5,False,23500
Q311B,Склад ЦТС ПФ после термопокрытия,1,2021-10-07,323.16,False,700
Q311A,Склад ЦТС ПФ после обезжиривания,1,2021-11-12,1060.48,False,1400
Q311SFG,Склад ЦТС ПФ х/к продукция,1,2021-10-31,500.0,False,3000
Q3154,Склад перед НТА,1,2021-11-17,404.8,False,7400
Q315C,Склад ЦДС ПФ перед АПП,1,2021-10-18,2334.98,False,4000
Q313A,Склад ЦХПП ПФ перед АПП,1,2021-11-03,3754.45,False,8500
Q3156,Склад ЦДС ПФ перед АПхкР,1,2021-11-08,4542.89,False,8800
Q313C,Склад ЦХПП ГП перед упаковкой,1,2021-11-19,5127.79,False,3000
Q3157,"Склад ЦДС ПФ перед АНО, АНГЦ",1,2021-10-31,9444.54,False,10000
Q313C,Склад ЦХПП ГП перед упаковкой,1,2021-11-14,5505.91,False,3000
Q315C,Склад ЦДС ПФ перед АПП,1,2021-10-11,2848.33,False,4000
Q3137,Склад ЦХПП ПФ перед АР,1,2021-10-15,20022.5,False,25000
Q3121,Склад ЦГП ГП,1,2021-11-07,13731.55,False,23000
Q3112,Склад ЦТС Травильный комплекс,1,2021-11-13,2171.86,False,3000
Q3121,Склад ЦГП ГП,1,2021-10-07,10001.96,False,23000
Q3136,Склад ЦХПП ПФ г/к травленный,1,2021-11-08,2410.74,False,17000
Q3157,"Склад ЦДС ПФ перед АНО, АНГЦ",1,2021-11-14,11413.77,False,10000
Q311E,Склад ЦТС ПФ перед АР,1,2021-10-30,-9622.56,False,1300
Q311FHR,Склад ТК ПТС готовая продукция,1,2021-11-13,1422.24,False,550
Q315M,Склад ЦДС материалы,1,2021-10-19,0.0,False,0
Q311E,Склад ЦТС ПФ перед АР,1,2021-10-14,-1707.78,False,1300
Q311E,Склад ЦТС ПФ перед АР,1,2021-10-09,9.3,False,1300
Q3112,Склад ЦТС Травильный комплекс,1,2021-11-06,2280.66,False,3000
Q306M,Склад КЦ-1 материалы,1,2021-11-08,0.0,False,0
Q311B,Склад ЦТС ПФ после термопокрытия,1,2021-11-07,162.0,False,700
Q3135,Склад ЦХПП ПФ перед ДС,1,2021-10-25,10195.95,False,16000
Q3158,Склад ЦДС ПФ перед АР,1,2021-10-11,8573.15,False,10800
Q306M,Склад КЦ-1 материалы,1,2021-11-12,0.0,False,0
Q311SFG,Склад ЦТС ПФ х/к продукция,1,2021-10-11,500.0,False,3000
Q3135,Склад ЦХПП ПФ перед ДС,1,2021-11-16,6971.52,False,16000
Q3137,Склад ЦХПП ПФ перед АР,1,2021-10-27,20307.24,False,25000
Q315C,Склад ЦДС ПФ перед АПП,1,2021-11-10,3534.92,False,4000
Q3121,Склад ЦГП ГП,1,2021-10-22,13138.18,False,23000
Q315M,Склад ЦДС материалы,1,2021-10-18,0.0,False,0
Q3134,Склад ЦХПП ПФ х/к нагартованный,1,2021-11-18,1890.21,False,23500
Q315C,Склад ЦДС ПФ перед АПП,1,2021-10-14,2210.3,False,4000
Q313C,Склад ЦХПП ГП перед упаковкой,1,2021-11-15,5505.91,False,3000
Q3132,Склад ЦХПП ПФ г/к рулоны,1,2021-10-20,56126.41,False,56500
Q3157,"Склад ЦДС ПФ перед АНО, АНГЦ",1,2021-10-23,7645.22,False,10000
Q311SFG,Склад ЦТС ПФ х/к продукция,1,2021-11-17,0.0,False,3000
Q311A,Склад ЦТС ПФ после обезжиривания,1,2021-11-08,572.22,False,1400
Q315C,Склад ЦДС ПФ перед АПП,1,2021-10-23,3006.34,False,4000
Q3001,Склад отгрузки,1,2021-11-19,77467.4,False,0
Q315B,Склад перед упаковкой,1,2021-10-16,3250.66,False,1500
Q311SHR,Склад ТК ПТС перед упаковкой,1,2021-11-01,469.95,False,1000
Q313A,Склад ЦХПП ПФ перед АПП,1,2021-10-26,5012.46,False,8500
Q3158,Склад ЦДС ПФ перед АР,1,2021-11-05,10000.35,False,10800
Q3001,Склад отгрузки,1,2021-10-14,68744.69,False,0
Q313A,Склад ЦХПП ПФ перед АПП,1,2021-11-15,3234.7,False,8500
Q3121,Склад ЦГП ГП,1,2021-11-06,12318.19,False,23000
Q3137,Склад ЦХПП ПФ перед АР,1,2021-11-10,18044.88,False,25000
Q3135,Склад ЦХПП ПФ перед ДС,1,2021-11-11,4202.72,False,16000
Q315B,Склад перед упаковкой,1,2021-11-05,3346.63,False,1500
Q315C,Склад ЦДС ПФ перед АПП,1,2021-11-17,3421.25,False,4000
Q3136,Склад ЦХПП ПФ г/к травленный,1,2021-11-17,1279.59,False,17000
Q311A,Склад ЦТС ПФ после обезжиривания,1,2021-11-20,320.3,False,1400
Q3137,Склад ЦХПП ПФ перед АР,1,2021-11-03,19747.42,False,25000
Q311SFG,Склад ЦТС ПФ х/к продукция,1,2021-11-06,1000.0,False,3000
Q315B,Склад перед упаковкой,1,2021-10-27,4947.95,False,1500
Q315B,Склад перед упаковкой,1,2021-11-07,3396.06,False,1500
Q311FHR,Склад ТК ПТС готовая продукция,1,2021-11-01,1131.71,True,550
Q3121,Склад ЦГП ГП,1,2021-11-04,13265.5,False,23000
Q313A,Склад ЦХПП ПФ перед АПП,1,2021-11-09,3234.7,False,8500
Q311SHR,Склад ТК ПТС перед упаковкой,1,2021-11-15,294.31,False,1000
Q3132,Склад ЦХПП ПФ г/к рулоны,1,2021-11-05,29852.52,False,56500
Q3134,Склад ЦХПП ПФ х/к нагартованный,1,2021-11-05,8151.48,False,23500
Q3112,Склад ЦТС Травильный комплекс,1,2021-10-26,2730.55,False,3000
Q3135,Склад ЦХПП ПФ перед ДС,1,2021-11-06,10000.0,False,16000
Q313C,Склад ЦХПП ГП перед упаковкой,1,2021-10-29,10285.46,False,3000
Q3134,Склад ЦХПП ПФ х/к нагартованный,1,2021-10-19,9037.68,False,23500
Q311B,Склад ЦТС ПФ после термопокрытия,1,2021-10-14,285.58,False,700
Q3121,Склад ЦГП ГП,1,2021-10-21,9299.94,False,23000
Q311FHR,Склад ТК ПТС готовая продукция,1,2021-10-08,1545.18,True,550
Q3121,Склад ЦГП ГП,1,2021-10-17,11731.52,False,23000
Q3137,Склад ЦХПП ПФ перед АР,1,2021-10-31,19716.73,False,25000
Q3001,Склад отгрузки,1,2021-11-01,171919.1,False,0
Q3121,Склад ЦГП ГП,1,2021-11-12,14622.63,False,23000
Q3158,Склад ЦДС ПФ перед АР,1,2021-10-21,9418.17,False,10800
Q311B,Склад ЦТС ПФ после термопокрытия,1,2021-11-15,1291.19,False,700
Q313M,Склад ЦХПП материалы,1,2021-11-14,0.0,False,0
Q3155,Склад ЦДС ПФ перед Прокаткой,1,2021-11-11,2427.95,False,5800
Q3135,Склад ЦХПП ПФ перед ДС,1,2021-11-19,1310.56,False,16000
Q3155,Склад ЦДС ПФ перед Прокаткой,1,2021-10-09,7026.06,True,5800
Q307M,Склад КЦ-2 материалы,1,2021-11-09,0.0,False,0
Q313C,Склад ЦХПП ГП перед упаковкой,1,2021-10-20,10629.59,False,3000
Q311FHR,Склад ТК ПТС готовая продукция,1,2021-10-22,1131.71,True,550
Q315B,Склад перед упаковкой,1,2021-11-03,3629.15,False,1500
Q313M,Склад ЦХПП материалы,1,2021-10-08,0.0,False,0
Q307M,Склад КЦ-2 материалы,1,2021-11-05,0.0,False,0
Q3157,"Склад ЦДС ПФ перед АНО, АНГЦ",1,2021-10-22,7132.4,False,10000
Q315B,Склад перед упаковкой,1,2021-10-31,4069.62,False,1500
Q315C,Склад ЦДС ПФ перед АПП,1,2021-10-21,2261.5,False,4000
Q3132,Склад ЦХПП ПФ г/к рулоны,1,2021-10-18,56000.0,False,56500
Q3137,Склад ЦХПП ПФ перед АР,1,2021-11-01,18500.26,False,25000
Q3154,Склад перед НТА,1,2021-10-11,3711.57,False,7400
Q315M,Склад ЦДС материалы,1,2021-11-02,0.0,False,0
Q306M,Склад КЦ-1 материалы,1,2021-11-03,0.0,False,0
Q3136,Склад ЦХПП ПФ г/к травленный,1,2021-10-14,4154.52,False,17000
Q313A,Склад ЦХПП ПФ перед АПП,1,2021-11-16,3234.7,False,8500
Q313M,Склад ЦХПП материалы,1,2021-10-16,0.0,False,0
Q315M,Склад ЦДС материалы,1,2021-10-10,0.0,False,0
Q311FHR,Склад ТК ПТС готовая продукция,1,2021-10-25,1166.71,True,550
Q3157,"Склад ЦДС ПФ перед АНО, АНГЦ",1,2021-11-13,11559.32,False,10000
Q313C,Склад ЦХПП ГП перед упаковкой,1,2021-10-09,12386.5,False,3000
Q311E,Склад ЦТС ПФ перед АР,1,2021-10-29,-9692.49,False,1300
Q315C,Склад ЦДС ПФ перед АПП,1,2021-11-18,3421.25,False,4000
Q3121,Склад ЦГП ГП,1,2021-10-11,13109.08,False,23000
Q313A,Склад ЦХПП ПФ перед АПП,1,2021-10-18,4251.74,False,8500
Q3132,Склад ЦХПП ПФ г/к рулоны,1,2021-10-10,40465.17,False,56500
Q315M,Склад ЦДС материалы,1,2021-10-23,0.0,False,0
Q313C,Склад ЦХПП ГП перед упаковкой,1,2021-10-28,8542.67,False,3000
Q315M,Склад ЦДС материалы,1,2021-10-21,0.0,False,0
Q313A,Склад ЦХПП ПФ перед АПП,1,2021-11-10,3234.7,False,8500
Q315B,Склад перед упаковкой,1,2021-10-10,2665.57,False,1500
Q315B,Склад перед упаковкой,1,2021-10-29,5207.03,False,1500
Q315C,Склад ЦДС ПФ перед АПП,1,2021-10-22,2958.16,False,4000
Q3155,Склад ЦДС ПФ перед Прокаткой,1,2021-11-17,1451.3,False,5800
Q3135,Склад ЦХПП ПФ перед ДС,1,2021-11-12,2852.4,False,16000
Q315C,Склад ЦДС ПФ перед АПП,1,2021-10-10,3061.06,False,4000
Q315M,Склад ЦДС материалы,1,2021-11-16,0.0,False,0
Q313C,Склад ЦХПП ГП перед упаковкой,1,2021-10-30,10683.27,False,3000
Q3155,Склад ЦДС ПФ перед Прокаткой,1,2021-11-02,4389.17,False,5800
Q3155,Склад ЦДС ПФ перед Прокаткой,1,2021-10-29,5896.88,True,5800
Q311SHR,Склад ТК ПТС перед упаковкой,1,2021-10-07,1086.89,True,1000
Q313A,Склад ЦХПП ПФ перед АПП,1,2021-10-12,5991.56,False,8500
Q311B,Склад ЦТС ПФ после термопокрытия,1,2021-10-09,323.16,False,700
Q3132,Склад ЦХПП ПФ г/к рулоны,1,2021-10-15,46632.97,False,56500
Q3157,"Склад ЦДС ПФ перед АНО, АНГЦ",1,2021-10-19,6338.17,False,10000
Q313C,Склад ЦХПП ГП перед упаковкой,1,2021-11-16,5505.91,False,3000
Q315C,Склад ЦДС ПФ перед АПП,1,2021-11-04,3534.92,False,4000
Q3155,Склад ЦДС ПФ перед Прокаткой,1,2021-10-12,5215.58,False,5800
Q3156,Склад ЦДС ПФ перед АПхкР,1,2021-10-09,5491.31,False,8800
Q313M,Склад ЦХПП материалы,1,2021-11-08,0.0,False,0
Q3121,Склад ЦГП ГП,1,2021-11-17,5512.99,False,23000
Q311SHR,Склад ТК ПТС перед упаковкой,1,2021-10-16,625.02,False,1000
Q3112,Склад ЦТС Травильный комплекс,1,2021-10-30,2500.0,False,3000
Q311SFG,Склад ЦТС ПФ х/к продукция,1,2021-10-20,928.4,False,3000
Q313C,Склад ЦХПП ГП перед упаковкой,1,2021-11-05,6538.97,False,3000
Q3121,Склад ЦГП ГП,1,2021-11-08,13121.65,False,23000
Q3156,Склад ЦДС ПФ перед АПхкР,1,2021-10-14,5270.66,False,8800
Q3154,Склад перед НТА,1,2021-10-18,5036.66,False,7400
Q3121,Склад ЦГП ГП,1,2021-10-14,12698.7,False,23000
Q3158,Склад ЦДС ПФ перед АР,1,2021-11-16,9302.41,False,10800
Q3158,Склад ЦДС ПФ перед АР,1,2021-10-26,10000.35,False,10800
Q306M,Склад КЦ-1 материалы,1,2021-11-11,0.0,False,0
Q311E,Склад ЦТС ПФ перед АР,1,2021-11-09,-10496.23,False,1300
Q306M,Склад КЦ-1 материалы,1,2021-10-08,0.0,False,0
Q3134,Склад ЦХПП ПФ х/к нагартованный,1,2021-11-11,6761.53,False,23500
Q3157,"Склад ЦДС ПФ перед АНО, АНГЦ",1,2021-10-21,6648.9,False,10000
Q3155,Склад ЦДС ПФ перед Прокаткой,1,2021-10-23,7464.01,True,5800
Q311A,Склад ЦТС ПФ после обезжиривания,1,2021-11-10,1016.3,False,1400
Q311E,Склад ЦТС ПФ перед АР,1,2021-10-10,-491.17,False,1300
Q313A,Склад ЦХПП ПФ перед АПП,1,2021-11-13,3234.7,False,8500
Q3001,Склад отгрузки,1,2021-11-11,92557.15,False,0
Q313C,Склад ЦХПП ГП перед упаковкой,1,2021-11-02,8272.02,False,3000
Q3136,Склад ЦХПП ПФ г/к травленный,1,2021-10-25,4051.62,False,17000
Q3158,Склад ЦДС ПФ перед АР,1,2021-10-28,9612.94,False,10800
Q3121,Склад ЦГП ГП,1,2021-11-10,14805.01,False,23000
Q315M,Склад ЦДС материалы,1,2021-10-26,0.0,False,0
Q3134,Склад ЦХПП ПФ х/к нагартованный,1,2021-11-14,5478.73,False,23500
Q3137,Склад ЦХПП ПФ перед АР,1,2021-11-16,18844.58,False,25000
Q311SHR,Склад ТК ПТС перед упаковкой,1,2021-11-08,235.8,False,1000
Q315M,Склад ЦДС материалы,1,2021-10-24,0.0,False,0
Q315C,Склад ЦДС ПФ перед АПП,1,2021-11-12,3701.15,False,4000
Q3132,Склад ЦХПП ПФ г/к рулоны,1,2021-10-28,42087.19,False,56500
Q313A,Склад ЦХПП ПФ перед АПП,1,2021-11-12,3234.7,False,8500
Q311FHR,Склад ТК ПТС готовая продукция,1,2021-10-19,1131.71,True,550
Q3112,Склад ЦТС Травильный комплекс,1,2021-11-15,3118.52,False,3000
Q311SFG,Склад ЦТС ПФ х/к продукция,1,2021-10-12,535.48,False,3000
Q3155,Склад ЦДС ПФ перед Прокаткой,1,2021-11-03,3958.85,False,5800
Q3112,Склад ЦТС Травильный комплекс,1,2021-11-14,3800.91,False,3000
Q3134,Склад ЦХПП ПФ х/к нагартованный,1,2021-10-14,9555.07,False,23500
Q311FHR,Склад ТК ПТС готовая продукция,1,2021-10-12,1131.71,True,550
Q313A,Склад ЦХПП ПФ перед АПП,1,2021-10-28,5395.73,False,8500
Q3132,Склад ЦХПП ПФ г/к рулоны,1,2021-10-24,50094.51,False,56500
Q313M,Склад ЦХПП материалы,1,2021-10-24,0.0,False,0
Q3121,Склад ЦГП ГП,1,2021-10-12,13014.96,False,23000
Q315M,Склад ЦДС материалы,1,2021-11-03,0.0,False,0
Q315B,Склад перед упаковкой,1,2021-11-13,2802.15,False,1500
Q311E,Склад ЦТС ПФ перед АР,1,2021-11-05,-10160.96,False,1300
Q3155,Склад ЦДС ПФ перед Прокаткой,1,2021-11-16,1451.3,False,5800
Q3158,Склад ЦДС ПФ перед АР,1,2021-11-13,9372.23,False,10800
Q3112,Склад ЦТС Травильный комплекс,1,2021-11-18,5047.17,False,3000
Q3158,Склад ЦДС ПФ перед АР,1,2021-11-04,10000.35,False,10800
Q3132,Склад ЦХПП ПФ г/к рулоны,1,2021-11-02,36058.69,False,56500
Q311B,Склад ЦТС ПФ после термопокрытия,1,2021-11-01,150.0,False,700
Q315M,Склад ЦДС материалы,1,2021-10-20,0.0,False,0
Q3001,Склад отгрузки,1,2021-11-15,93962.64,False,0
Q311FHR,Склад ТК ПТС готовая продукция,1,2021-11-14,1775.96,False,550
Q3158,Склад ЦДС ПФ перед АР,1,2021-10-10,8772.24,False,10800
Q3135,Склад ЦХПП ПФ перед ДС,1,2021-11-09,6836.87,False,16000
Q311E,Склад ЦТС ПФ перед АР,1,2021-11-04,-10192.11,False,1300
Q3121,Склад ЦГП ГП,1,2021-11-18,5540.66,False,23000
Q315B,Склад перед упаковкой,1,2021-10-24,4717.01,False,1500
Q3121,Склад ЦГП ГП,1,2021-10-18,12212.85,False,23000
Q3158,Склад ЦДС ПФ перед АР,1,2021-10-12,8413.98,False,10800
Q311B,Склад ЦТС ПФ после термопокрытия,1,2021-11-05,101.35,False,700
Q313C,Склад ЦХПП ГП перед упаковкой,1,2021-11-03,7407.67,False,3000
Q3134,Склад ЦХПП ПФ х/к нагартованный,1,2021-10-20,10598.75,False,23500
Q3136,Склад ЦХПП ПФ г/к травленный,1,2021-10-11,4270.91,False,17000
Q3155,Склад ЦДС ПФ перед Прокаткой,1,2021-10-16,4969.85,False,5800
Q3156,Склад ЦДС ПФ перед АПхкР,1,2021-10-29,8800.0,False,8800
Q3154,Склад перед НТА,1,2021-11-01,2289.71,False,7400
Q311E,Склад ЦТС ПФ перед АР,1,2021-10-17,-2673.2,False,1300
Q311FHR,Склад ТК ПТС готовая продукция,1,2021-11-18,1775.96,False,550
Q3121,Склад ЦГП ГП,1,2021-10-26,15000.0,False,23000
Q307M,Склад КЦ-2 материалы,1,2021-11-01,0.0,False,0
Q3135,Склад ЦХПП ПФ перед ДС,1,2021-10-28,9600.17,False,16000
Q311E,Склад ЦТС ПФ перед АР,1,2021-10-25,-6465.05,False,1300
Q3137,Склад ЦХПП ПФ перед АР,1,2021-11-12,17057.94,False,25000
Q3132,Склад ЦХПП ПФ г/к рулоны,1,2021-10-11,44754.35,False,56500
Q3156,Склад ЦДС ПФ перед АПхкР,1,2021-11-15,2131.97,False,8800
Q3112,Склад ЦТС Травильный комплекс,1,2021-10-24,2712.06,False,3000
Q3001,Склад отгрузки,1,2021-10-15,97062.27,False,0
Q311FHR,Склад ТК ПТС готовая продукция,1,2021-11-06,1131.71,True,550
Q3156,Склад ЦДС ПФ перед АПхкР,1,2021-10-16,6000.0,False,8800
Q3157,"Склад ЦДС ПФ перед АНО, АНГЦ",1,2021-10-13,5147.55,False,10000
Q313M,Склад ЦХПП материалы,1,2021-10-19,0.0,False,0
Q3137,Склад ЦХПП ПФ перед АР,1,2021-10-28,20953.23,False,25000
Q3001,Склад отгрузки,1,2021-10-10,48956.77,False,0
Q3134,Склад ЦХПП ПФ х/к нагартованный,1,2021-11-04,8000.0,False,23500
Q311FHR,Склад ТК ПТС готовая продукция,1,2021-11-09,1422.24,False,550
Q3137,Склад ЦХПП ПФ перед АР,1,2021-10-07,29295.09,True,25000
Q306M,Склад КЦ-1 материалы,1,2021-10-19,0.0,False,0
Q306M,Склад КЦ-1 материалы,1,2021-11-20,0.0,False,0
Q315B,Склад перед упаковкой,1,2021-11-14,2784.15,False,1500
Q313C,Склад ЦХПП ГП перед упаковкой,1,2021-11-08,7470.78,False,3000
Q3137,Склад ЦХПП ПФ перед АР,1,2021-11-06,18131.95,False,25000
Q313M,Склад ЦХПП материалы,1,2021-10-29,0.0,False,0
Q3132,Склад ЦХПП ПФ г/к рулоны,1,2021-10-19,56091.8,False,56500
Q3156,Склад ЦДС ПФ перед АПхкР,1,2021-10-26,7586.49,False,8800
Q3121,Склад ЦГП ГП,1,2021-11-14,9675.54,False,23000
Q311A,Склад ЦТС ПФ после обезжиривания,1,2021-10-31,520.66,False,1400
Q3154,Склад перед НТА,1,2021-10-29,2585.42,False,7400
Q3137,Склад ЦХПП ПФ перед АР,1,2021-10-22,18387.12,False,25000
Q3132,Склад ЦХПП ПФ г/к рулоны,1,2021-10-21,56500.0,False,56500
Q3135,Склад ЦХПП ПФ перед ДС,1,2021-11-07,10000.0,False,16000
Q3134,Склад ЦХПП ПФ х/к нагартованный,1,2021-10-12,9613.9,False,23500
Q3154,Склад перед НТА,1,2021-11-04,1772.02,False,7400
Q3136,Склад ЦХПП ПФ г/к травленный,1,2021-11-11,1279.59,False,17000
Q311SHR,Склад ТК ПТС перед упаковкой,1,2021-11-05,296.22,False,1000
Q3158,Склад ЦДС ПФ перед АР,1,2021-11-15,9004.28,False,10800
Q3134,Склад ЦХПП ПФ х/к нагартованный,1,2021-10-10,10441.57,False,23500
Q3156,Склад ЦДС ПФ перед АПхкР,1,2021-10-19,7994.38,False,8800
Q3132,Склад ЦХПП ПФ г/к рулоны,1,2021-11-09,11009.59,False,56500
Q307M,Склад КЦ-2 материалы,1,2021-10-28,0.0,False,0
Q315B,Склад перед упаковкой,1,2021-11-01,3918.02,False,1500
Q307M,Склад КЦ-2 материалы,1,2021-10-17,0.0,False,0
Q306M,Склад КЦ-1 материалы,1,2021-11-07,0.0,False,0
Q311SHR,Склад ТК ПТС перед упаковкой,1,2021-11-13,47.84,False,1000
Q313A,Склад ЦХПП ПФ перед АПП,1,2021-10-15,4067.9,False,8500
Q311SHR,Склад ТК ПТС перед упаковкой,1,2021-10-25,800.0,False,1000
Q311SHR,Склад ТК ПТС перед упаковкой,1,2021-10-26,800.0,False,1000
Q311FHR,Склад ТК ПТС готовая продукция,1,2021-11-08,1202.51,False,550
Q3154,Склад перед НТА,1,2021-11-08,943.53,False,7400
Q3135,Склад ЦХПП ПФ перед ДС,1,2021-11-18,1310.56,False,16000
Q313M,Склад ЦХПП материалы,1,2021-11-10,0.0,False,0
Q3155,Склад ЦДС ПФ перед Прокаткой,1,2021-10-11,5739.97,False,5800
Q311B,Склад ЦТС ПФ после термопокрытия,1,2021-11-18,670.45,False,700
Q307M,Склад КЦ-2 материалы,1,2021-10-14,0.0,False,0
Q3155,Склад ЦДС ПФ перед Прокаткой,1,2021-10-14,5265.85,False,5800
Q3134,Склад ЦХПП ПФ х/к нагартованный,1,2021-11-19,1568.29,False,23500
Q315C,Склад ЦДС ПФ перед АПП,1,2021-11-05,3534.92,False,4000
Q311A,Склад ЦТС ПФ после обезжиривания,1,2021-10-26,379.89,False,1400
Q3132,Склад ЦХПП ПФ г/к рулоны,1,2021-10-23,55043.04,False,56500
Q311SHR,Склад ТК ПТС перед упаковкой,1,2021-10-18,927.77,False,1000
Q311SHR,Склад ТК ПТС перед упаковкой,1,2021-10-24,1000.0,False,1000
Q313M,Склад ЦХПП материалы,1,2021-10-12,0.0,False,0
Q3156,Склад ЦДС ПФ перед АПхкР,1,2021-10-27,7978.11,False,8800
Q3136,Склад ЦХПП ПФ г/к травленный,1,2021-10-28,6599.85,False,17000
Q3136,Склад ЦХПП ПФ г/к травленный,1,2021-11-15,1279.59,False,17000
Q3154,Склад перед НТА,1,2021-10-15,3210.74,False,7400
Q315M,Склад ЦДС материалы,1,2021-11-15,0.0,False,0
Q3137,Склад ЦХПП ПФ перед АР,1,2021-10-20,20064.64,False,25000
Q311SFG,Склад ЦТС ПФ х/к продукция,1,2021-10-14,500.0,False,3000
Q3154,Склад перед НТА,1,2021-11-09,2356.07,False,7400
Q315M,Склад ЦДС материалы,1,2021-11-17,0.0,False,0
Q306M,Склад КЦ-1 материалы,1,2021-11-15,0.0,False,0
Q313A,Склад ЦХПП ПФ перед АПП,1,2021-10-10,6800.8,False,8500
Q313C,Склад ЦХПП ГП перед упаковкой,1,2021-10-18,10748.85,False,3000
Q311A,Склад ЦТС ПФ после обезжиривания,1,2021-10-12,490.06,False,1400
Q3112,Склад ЦТС Травильный комплекс,1,2021-10-17,3000.0,False,3000
Q3136,Склад ЦХПП ПФ г/к травленный,1,2021-11-14,1279.59,False,17000
Q3136,Склад ЦХПП ПФ г/к травленный,1,2021-10-18,6438.06,False,17000
Q3156,Склад ЦДС ПФ перед АПхкР,1,2021-10-28,8800.0,False,8800
Q311B,Склад ЦТС ПФ после термопокрытия,1,2021-10-23,651.69,False,700
Q307M,Склад КЦ-2 материалы,1,2021-11-06,0.0,False,0
Q315M,Склад ЦДС материалы,1,2021-10-27,0.0,False,0
Q3157,"Склад ЦДС ПФ перед АНО, АНГЦ",1,2021-10-25,7547.02,False,10000
Q3157,"Склад ЦДС ПФ перед АНО, АНГЦ",1,2021-10-14,5022.18,False,10000
Q311FHR,Склад ТК ПТС готовая продукция,1,2021-11-20,1485.43,False,550
Q311B,Склад ЦТС ПФ после термопокрытия,1,2021-11-04,50.0,False,700
Q313C,Склад ЦХПП ГП перед упаковкой,1,2021-10-19,11017.78,False,3000
Q315C,Склад ЦДС ПФ перед АПП,1,2021-10-20,2172.17,False,4000
Q315C,Склад ЦДС ПФ перед АПП,1,2021-10-25,3185.74,False,4000
Q306M,Склад КЦ-1 материалы,1,2021-10-22,0.0,False,0
Q3132,Склад ЦХПП ПФ г/к рулоны,1,2021-10-14,47238.73,False,56500
Q3134,Склад ЦХПП ПФ х/к нагартованный,1,2021-11-03,8789.35,False,23500
Q311SHR,Склад ТК ПТС перед упаковкой,1,2021-10-21,1000.0,False,1000
Q3158,Склад ЦДС ПФ перед АР,1,2021-11-06,10000.35,False,10800
Q3136,Склад ЦХПП ПФ г/к травленный,1,2021-10-21,7878.31,False,17000
Q306M,Склад КЦ-1 материалы,1,2021-10-24,0.0,False,0
Q311B,Склад ЦТС ПФ после термопокрытия,1,2021-10-12,432.66,False,700
Q315C,Склад ЦДС ПФ перед АПП,1,2021-10-15,2181.73,False,4000
Q3001,Склад отгрузки,1,2021-10-23,144637.98,False,0
Q306M,Склад КЦ-1 материалы,1,2021-10-18,0.0,False,0
Q3121,Склад ЦГП ГП,1,2021-11-16,5673.98,False,23000
Q307M,Склад КЦ-2 материалы,1,2021-10-18,0.0,False,0
Q313M,Склад ЦХПП материалы,1,2021-10-26,0.0,False,0
Q3001,Склад отгрузки,1,2021-11-07,114081.18,False,0
Q3134,Склад ЦХПП ПФ х/к нагартованный,1,2021-11-07,8557.31,False,23500
Q306M,Склад КЦ-1 материалы,1,2021-10-20,0.0,False,0
Q3137,Склад ЦХПП ПФ перед АР,1,2021-11-17,17155.89,False,25000
Q311SFG,Склад ЦТС ПФ х/к продукция,1,2021-10-19,857.12,False,3000
Q306M,Склад КЦ-1 материалы,1,2021-10-15,0.0,False,0
Q3001,Склад отгрузки,1,2021-11-12,92189.56,False,0
Q3132,Склад ЦХПП ПФ г/к рулоны,1,2021-11-17,9973.81,False,56500
Q313M,Склад ЦХПП материалы,1,2021-10-14,0.0,False,0
Q313M,Склад ЦХПП материалы,1,2021-10-15,0.0,False,0
Q3154,Склад перед НТА,1,2021-11-18,373.15,False,7400
Q3155,Склад ЦДС ПФ перед Прокаткой,1,2021-11-20,1741.83,False,5800
Q311B,Склад ЦТС ПФ после термопокрытия,1,2021-10-17,610.37,False,700
Q311E,Склад ЦТС ПФ перед АР,1,2021-11-19,-10885.38,False,1300
Q307M,Склад КЦ-2 материалы,1,2021-10-19,0.0,False,0
Q315M,Склад ЦДС материалы,1,2021-11-09,0.0,False,0
Q3157,"Склад ЦДС ПФ перед АНО, АНГЦ",1,2021-11-16,9894.56,False,10000
Q313A,Склад ЦХПП ПФ перед АПП,1,2021-10-21,3976.99,False,8500
Q313C,Склад ЦХПП ГП перед упаковкой,1,2021-11-17,5122.19,False,3000
Q313A,Склад ЦХПП ПФ перед АПП,1,2021-10-29,5396.4,False,8500
Q315B,Склад перед упаковкой,1,2021-10-17,3819.69,False,1500
Q3112,Склад ЦТС Травильный комплекс,1,2021-11-07,2500.0,False,3000
Q311E,Склад ЦТС ПФ перед АР,1,2021-11-20,-10576.22,False,1300
Q315M,Склад ЦДС материалы,1,2021-10-07,0.0,False,0
Q3154,Склад перед НТА,1,2021-11-13,353.15,False,7400
Q313A,Склад ЦХПП ПФ перед АПП,1,2021-10-27,5142.22,False,8500
Q3154,Склад перед НТА,1,2021-10-09,4058.87,False,7400
Q3136,Склад ЦХПП ПФ г/к травленный,1,2021-10-31,7164.52,False,17000
Q3154,Склад перед НТА,1,2021-10-26,2185.6,False,7400
Q313A,Склад ЦХПП ПФ перед АПП,1,2021-10-09,7199.42,False,8500
Q313A,Склад ЦХПП ПФ перед АПП,1,2021-10-24,4562.05,False,8500
Q3158,Склад ЦДС ПФ перед АР,1,2021-10-23,10000.35,False,10800
Q315B,Склад перед упаковкой,1,2021-10-19,4200.33,False,1500
Q3134,Склад ЦХПП ПФ х/к нагартованный,1,2021-11-12,6374.78,False,23500
Q3157,"Склад ЦДС ПФ перед АНО, АНГЦ",1,2021-10-08,5774.43,False,10000
Q307M,Склад КЦ-2 материалы,1,2021-10-13,0.0,False,0
Q3121,Склад ЦГП ГП,1,2021-11-05,13731.81,False,23000
Q311SFG,Склад ЦТС ПФ х/к продукция,1,2021-10-30,500.0,False,3000
Q3001,Склад отгрузки,1,2021-10-24,131723.71,False,0
Q3121,Склад ЦГП ГП,1,2021-10-31,15000.0,False,23000
Q311SHR,Склад ТК ПТС перед упаковкой,1,2021-11-11,2388.29,False,1000
Q307M,Склад КЦ-2 материалы,1,2021-10-12,0.0,False,0
Q3132,Склад ЦХПП ПФ г/к рулоны,1,2021-10-07,51302.02,False,56500
Q311E,Склад ЦТС ПФ перед АР,1,2021-10-13,-1088.88,False,1300
Q311SFG,Склад ЦТС ПФ х/к продукция,1,2021-11-16,0.0,False,3000
Q3134,Склад ЦХПП ПФ х/к нагартованный,1,2021-10-30,11699.86,False,23500
Q311FHR,Склад ТК ПТС готовая продукция,1,2021-10-23,1272.94,True,550
Q3156,Склад ЦДС ПФ перед АПхкР,1,2021-10-08,5336.29,False,8800
Q3121,Склад ЦГП ГП,1,2021-10-28,14672.57,False,23000
Q315M,Склад ЦДС материалы,1,2021-10-13,0.0,False,0
Q3136,Склад ЦХПП ПФ г/к травленный,1,2021-10-13,4071.58,False,17000
Q3156,Склад ЦДС ПФ перед АПхкР,1,2021-10-13,5878.97,False,8800
Q311B,Склад ЦТС ПФ после термопокрытия,1,2021-10-16,700.0,False,700
Q3137,Склад ЦХПП ПФ перед АР,1,2021-10-09,28860.31,True,25000
Q3158,Склад ЦДС ПФ перед АР,1,2021-10-16,9449.28,False,10800
Q3132,Склад ЦХПП ПФ г/к рулоны,1,2021-11-16,10040.85,False,56500
Q311SHR,Склад ТК ПТС перед упаковкой,1,2021-10-29,400.0,False,1000
Q3112,Склад ЦТС Травильный комплекс,1,2021-10-09,2864.58,False,3000
Q315C,Склад ЦДС ПФ перед АПП,1,2021-10-26,3485.86,False,4000
Q3136,Склад ЦХПП ПФ г/к травленный,1,2021-10-27,10797.71,False,17000
Q3001,Склад отгрузки,1,2021-10-16,144115.45,False,0
Q3134,Склад ЦХПП ПФ х/к нагартованный,1,2021-10-23,12378.23,False,23500
Q315M,Склад ЦДС материалы,1,2021-11-01,0.0,False,0
Q3137,Склад ЦХПП ПФ перед АР,1,2021-10-08,31190.77,True,25000
Q311B,Склад ЦТС ПФ после термопокрытия,1,2021-10-25,373.46,False,700
Q311B,Склад ЦТС ПФ после термопокрытия,1,2021-10-19,313.55,False,700
Q3156,Склад ЦДС ПФ перед АПхкР,1,2021-11-07,6366.16,False,8800
Q3132,Склад ЦХПП ПФ г/к рулоны,1,2021-10-13,47056.21,False,56500
Q3154,Склад перед НТА,1,2021-10-30,3013.42,False,7400
Q315M,Склад ЦДС материалы,1,2021-10-28,0.0,False,0
Q3112,Склад ЦТС Травильный комплекс,1,2021-10-14,2917.37,False,3000
Q3132,Склад ЦХПП ПФ г/к рулоны,1,2021-11-18,9973.81,False,56500
Q3156,Склад ЦДС ПФ перед АПхкР,1,2021-11-19,1972.58,False,8800
Q315C,Склад ЦДС ПФ перед АПП,1,2021-11-11,4092.33,False,4000
Q3158,Склад ЦДС ПФ перед АР,1,2021-10-31,10128.52,False,10800
Q3001,Склад отгрузки,1,2021-10-18,125068.12,False,0
Q3156,Склад ЦДС ПФ перед АПхкР,1,2021-11-17,1972.58,False,8800
Q315B,Склад перед упаковкой,1,2021-10-20,4709.74,False,1500
Q3132,Склад ЦХПП ПФ г/к рулоны,1,2021-10-31,41785.48,False,56500
Q3154,Склад перед НТА,1,2021-11-11,353.15,False,7400
Q311E,Склад ЦТС ПФ перед АР,1,2021-11-12,-9368.04,False,1300
Q315B,Склад перед упаковкой,1,2021-11-08,2085.6,False,1500
Q313C,Склад ЦХПП ГП перед упаковкой,1,2021-11-13,5505.91,False,3000
Q311B,Склад ЦТС ПФ после термопокрытия,1,2021-11-06,168.13,False,700
Q3154,Склад перед НТА,1,2021-11-10,373.15,False,7400
Q3137,Склад ЦХПП ПФ перед АР,1,2021-10-12,23363.61,False,25000
Q3135,Склад ЦХПП ПФ перед ДС,1,2021-11-03,10483.88,False,16000
Q3137,Склад ЦХПП ПФ перед АР,1,2021-10-14,20672.37,False,25000
Q3136,Склад ЦХПП ПФ г/к травленный,1,2021-10-23,6026.39,False,17000
Q311A,Склад ЦТС ПФ после обезжиривания,1,2021-10-22,203.72,False,1400
Q313C,Склад ЦХПП ГП перед упаковкой,1,2021-11-09,10157.89,False,3000
Q311A,Склад ЦТС ПФ после обезжиривания,1,2021-10-28,483.27,False,1400
Q311SFG,Склад ЦТС ПФ х/к продукция,1,2021-11-20,770.77,False,3000
Q311A,Склад ЦТС ПФ после обезжиривания,1,2021-10-21,211.92,False,1400
Q3156,Склад ЦДС ПФ перед АПхкР,1,2021-11-20,1972.58,False,8800
Q3157,"Склад ЦДС ПФ перед АНО, АНГЦ",1,2021-11-03,9913.02,False,10000
Q3158,Склад ЦДС ПФ перед АР,1,2021-11-18,8667.8,False,10800
Q311SHR,Склад ТК ПТС перед упаковкой,1,2021-11-16,958.12,False,1000
Q3154,Склад перед НТА,1,2021-10-12,2752.03,False,7400
Q3121,Склад ЦГП ГП,1,2021-10-16,11965.5,False,23000
Q3137,Склад ЦХПП ПФ перед АР,1,2021-10-24,19690.81,False,25000
Q3156,Склад ЦДС ПФ перед АПхкР,1,2021-10-17,6706.76,False,8800
Q311SFG,Склад ЦТС ПФ х/к продукция,1,2021-10-18,500.0,False,3000
Q313A,Склад ЦХПП ПФ перед АПП,1,2021-10-22,3992.15,False,8500
Q311E,Склад ЦТС ПФ перед АР,1,2021-10-12,-518.45,False,1300
Q313A,Склад ЦХПП ПФ перед АПП,1,2021-10-07,6314.4,False,8500
Q3137,Склад ЦХПП ПФ перед АР,1,2021-10-13,21195.75,False,25000
Q315B,Склад перед упаковкой,1,2021-10-28,5477.69,False,1500
Q3135,Склад ЦХПП ПФ перед ДС,1,2021-10-31,12258.99,False,16000
Q3135,Склад ЦХПП ПФ перед ДС,1,2021-11-20,1310.56,False,16000
Q3158,Склад ЦДС ПФ перед АР,1,2021-10-20,9187.93,False,10800
Q313M,Склад ЦХПП материалы,1,2021-10-22,0.0,False,0
Q311SHR,Склад ТК ПТС перед упаковкой,1,2021-10-22,1000.0,False,1000
